timestamp,PT_amount,PT_cash,PT_py_index_high,HEDGE_collateral,HEDGE_positions_0_amount,HEDGE_positions_0_entry_price,HEDGE_positions_0_max_leverage,PT_seconds_to_expiry,PT_implied_apy,PT_asset_price,PT_sy_exchange_rate,PT_total_pt,PT_total_sy,PT_scalar_root,PT_ln_fee_rate_root,HEDGE_mark_price,HEDGE_funding_rate,PT_balance,HEDGE_balance,net_balance
2026-03-01 00:00:00+00:00,35.69638446201792,0.0,1.2281235404869486,33310.13614387927,-34.188955856370946,1938.57,10.0,57801600.0,0.023819714388773727,1938.57,1.2281235404869486,100.5809444441255,957.7830762282031,86.36,0.000499875,1938.57,6.871e-05,66277.68415448502,33310.13614387927,99587.82029836428
2026-03-02 00:00:00+00:00,35.69638446201792,0.0,1.2282035589714688,33297.201702121565,-34.188955856370946,1938.57,10.0,57715200.0,0.023819714388773727,2026.69,1.2282035589714688,100.5809444441255,957.7830762282031,86.36,0.000499875,2026.69,-0.00018667,69294.88393143803,30284.470912058154,99579.35484349618
2026-03-03 00:00:00+00:00,35.69638446201792,0.0,1.2282876799418714,33292.180202529395,-34.188955856370946,1938.57,10.0,57628800.0,0.023819714388773727,1981.85,1.2282876799418714,100.5809444441255,957.8560086491118,86.36,0.000499875,1981.85,-7.411000000000001e-05,67766.12266919158,31812.48219306566,99578.60486225724
2026-03-04 00:00:00+00:00,35.69638446201792,0.0,1.2283723943964286,33291.53766680787,-34.188955856370946,1938.57,10.0,57542400.0,0.023819714388773727,2125.98,1.2283723943964286,100.5809444441255,957.8573471210447,86.36,0.000499875,2125.98,-8.840000000000003e-06,72699.10106253621,26884.185449765384,99583.2865123016
2026-03-05 00:00:00+00:00,35.69638446201792,0.0,1.2284544206754295,33288.965260510326,-34.188955856370946,1938.57,10.0,57456000.0,0.023819714388773727,2072.18,1.2284544206754295,100.5809444441255,957.8548538615923,86.36,0.000499875,2072.18,-3.6309999999999996e-05,70863.9494962696,28720.978868540606,99584.92836481021
2026-03-06 00:00:00+00:00,35.69638446201792,0.0,1.2285331523737852,33283.64740915131,-34.188955856370946,1938.57,10.0,57369600.0,0.023819714388773727,1977.66,1.2285331523737852,100.58043801135246,957.855246599217,86.36,0.000499875,1977.66,-7.864999999999999e-05,67635.93761401571,31947.20112472576,99583.13873874147
2026-03-07 00:00:00+00:00,35.69638446201792,0.0,1.2286116012951944,33278.14855503588,-34.188955856370946,1938.57,10.0,57283200.0,0.023819714388773727,1968.39,1.2286116012951944,100.58043706124855,958.9840096080763,86.36,0.000499875,1968.39,-8.171e-05,67323.24560658168,32258.63389139889,99581.87949798057
2026-03-08 00:00:00+00:00,35.69638446201792,0.0,1.2286902483210973,33264.20720959383,-34.188955856370946,1938.57,10.0,57196800.0,0.023819714388773727,1935.97,1.2286902483210973,100.58043706124855,958.9840096080763,86.36,0.000499875,1935.97,-0.00021063,66218.68125443556,33353.09849482039,99571.77974925595
2026-03-09 00:00:00+00:00,35.69638446201792,0.0,1.2287700179293082,33254.326596674284,-34.188955856370946,1938.57,10.0,57110400.0,0.023819714388773727,1992.28,1.2287700179293082,100.58043706124855,958.9840097824695,86.36,0.000499875,1992.28,-0.00014506,68149.12579239746,31418.0377776286,99567.16357002607
2026-03-10 00:00:00+00:00,35.69638446201792,0.0,1.2288502338700713,33262.68201088766,-34.188955856370946,1938.57,10.0,57024000.0,0.023819714388773727,2035.39,1.2288502338700713,100.5804366891588,960.1010651912164,86.36,0.000499875,2035.39,0.00012007000000000001,69628.2628217683,29952.507304873823,99580.77012664212
2026-03-11 00:00:00+00:00,35.69638446201792,0.0,1.2289319489309607,33264.451870141536,-34.188955856370946,1938.57,10.0,56937600.0,0.023819714388773727,2050.99,1.2289319489309607,100.5804366891588,960.1010651912164,86.36,0.000499875,2050.99,2.5240000000000002e-05,70166.44540029149,29420.92945276832,99587.37485305981
2026-03-12 00:00:00+00:00,35.69638446201792,0.0,1.2290148877844562,33259.19263872177,-34.188955856370946,1938.57,10.0,56851200.0,0.023819714388773727,2072.6,1.2290148877844562,100.5804366891588,988.7274545737358,86.36,0.000499875,2072.6,-7.422e-05,70910.31855960854,28676.846885292372,99587.16544490091
2026-03-13 00:00:00+00:00,35.69638446201792,0.0,1.2291685129467367,33262.26668501093,-34.188955856370946,1938.57,10.0,56764800.0,0.023819714388773727,2091.01,1.2291685129467367,100.5804366891588,988.7274545737358,86.36,0.000499875,2091.01,4.3e-05,71544.79801807775,28050.502254265735,99595.30027234349
2026-03-14 00:00:00+00:00,35.69638446201792,0.0,1.2292497005717968,33259.55314766774,-34.188955856370946,1938.57,10.0,56678400.0,0.023819714388773727,2095.27,1.2292497005717968,97.57536424240851,991.8732637368225,86.36,0.000499875,2095.27,-3.7879999999999996e-05,71695.17952052531,27902.143764974415,99597.32328549973
2026-03-15 00:00:00+00:00,35.69638446201792,0.0,1.2293295646829032,33259.67823091667,-34.188955856370946,1938.57,10.0,56592000.0,0.023819714388773727,2177.73,1.2293295646829032,97.57536424030774,991.9139505295026,86.36,0.000499875,2177.73,1.6799999999999975e-06,74521.57159096378,25083.04754830699,99604.61913927077
2026-03-16 00:00:00+00:00,29.399812150233917,105.71646281302492,1.2294142504359384,44849.897691958904,-28.185536500715877,1938.57,10.0,56505600.0,0.023819714388773727,2351.66,1.2294142504359384,97.57531841409629,991.9139861146796,86.36,0.000499875,2351.66,0.00024684,66388.51523008652,33206.734418878186,99595.2496489647
2026-03-17 00:00:00+00:00,29.399812150233917,105.71646281302492,1.229495317276808,44853.85559515987,-28.185536500715877,1938.57,10.0,56419200.0,0.023819714388773727,2316.45,1.229495317276808,97.57531841409629,991.9139861146796,86.36,0.000499875,2316.45,6.062e-05,65400.313489056956,34203.10506226936,99603.41855132632
2026-03-18 00:00:00+00:00,29.399812150233917,105.71646281302492,1.2295756848112194,44854.72820293776,-28.185536500715877,1938.57,10.0,56332800.0,0.023819714388773727,2201.95,1.2295756848112194,85.32979739676432,875.8386084073263,86.36,0.000499875,2201.95,1.4060000000000001e-05,62176.86452539898,37431.22159937922,99608.0861247782
2026-03-19 00:00:00+00:00,29.399812150233917,105.71646281302492,1.229658339082505,44854.014594872846,-28.185536500715877,1938.57,10.0,56246400.0,0.023819714388773727,2136.56,1.229658339082505,85.32979703118846,900.5003072704873,86.36,0.000499875,2136.56,-1.185e-05,60337.45902923868,39273.56022309611,99611.01925233478
2026-03-20 00:00:00+00:00,29.399812150233917,105.71646281302492,1.229740730883299,44846.53747814997,-28.185536500715877,1938.57,10.0,56160000.0,0.023819714388773727,2145.08,1.229740730883299,86.32979703118846,899.7236789955329,86.36,0.000499875,2145.08,-0.00012367,60581.546493677735,39025.94233538714,99607.48882906488
2026-03-21 00:00:00+00:00,29.399812150233917,105.71646281302492,1.229820943604984,44849.801185837525,-28.185536500715877,1938.57,10.0,56073600.0,0.023819714388773727,2083.37,1.229820943604984,86.32977542873031,1347.7649010967318,86.36,0.000499875,2083.37,5.558e-05,58845.5565381592,40768.535500533864,99614.09203869307
2026-03-22 00:00:00+00:00,29.399812150233917,105.71646281302492,1.2299195649398524,44845.55999809574,-28.185536500715877,1938.57,10.0,55987200.0,0.023819714388773727,2052.85,1.2299195649398524,87.54616400843338,1346.8129874648712,86.36,0.000499875,2052.85,-7.329999999999999e-05,57988.789534678246,41624.516886793936,99613.30642147218
2026-03-23 00:00:00+00:00,29.399812150233917,105.71646281302492,1.2300037435770046,44845.47815114507,-28.185536500715877,1938.57,10.0,55900800.0,0.023819714388773727,2151.01,1.2300037435770046,103.82854026669392,1334.1071281393245,86.36,0.000499875,2151.01,-1.3500000000000057e-06,60760.46438606718,38857.74277693298,99618.20716300016
2026-03-24 00:00:00+00:00,29.399812150233917,105.71646281302492,1.2300860267230662,44846.88750486025,-28.185536500715877,1938.57,10.0,55814400.0,0.023819714388773727,2155.29,1.2300860267230662,103.82854026540083,1334.1510258406295,86.36,0.000499875,2155.29,2.3199999999999998e-05,60885.072757011294,38738.518034425106,99623.5907914364
2026-03-25 00:00:00+00:00,29.399812150233917,105.71646281302492,1.2301677124948496,44846.825787554684,-28.185536500715877,1938.57,10.0,55728000.0,0.023819714388773727,2168.0,1.2301677124948496,103.82854026540083,1334.1510258638027,86.36,0.000499875,2168.0,-1.0100000000000005e-06,61247.43897913839,38380.21814819544,99627.65712733383
2026-03-26 00:00:00+00:00,29.399812150233917,105.71646281302492,1.2302505372441215,44845.059086141875,-28.185536500715877,1938.57,10.0,55641600.0,0.023819714388773727,2059.17,1.2302505372441215,103.82854026540083,1334.1510258638027,86.36,0.000499875,2059.17,-3.0440000000000007e-05,58181.97150730188,41445.88338415554,99627.85489145742
2026-03-27 00:00:00+00:00,29.399812150233917,105.71646281302492,1.230333415095617,44831.8811268078,-28.185536500715877,1938.57,10.0,55555200.0,0.023819714388773727,1991.58,1.230333415095617,103.07278024993141,1340.0873791770514,86.36,0.000499875,1991.58,-0.00023475999999999998,56279.304806180655,43337.76583690485,99617.0706430855
2026-03-28 00:00:00+00:00,29.399812150233917,105.71646281302492,1.2304144951331257,44824.55823556826,-28.185536500715877,1938.57,10.0,55468800.0,0.023819714388773727,1993.48,1.2304144951331257,99.67398209785715,1342.7417895564506,86.36,0.000499875,1993.48,-0.00013033,56336.5217855458,43276.890426313956,99613.41221185976
2026-03-29 00:00:00+00:00,29.399812150233917,105.71646281302492,1.2304948302374799,44819.77338477522,-28.185536500715877,1938.57,10.0,55382400.0,0.023819714388773727,1983.44,1.2304948302374799,99.67398209785715,1342.7417895564506,86.36,0.000499875,1983.44,-8.559e-05,56056.928327395675,43555.08836198809,99612.01668938377
2026-03-30 00:00:00+00:00,29.399812150233917,105.71646281302492,1.2305760432839803,44821.31723788632,-28.185536500715877,1938.57,10.0,55296000.0,0.023819714388773727,2025.69,1.2305760432839803,99.70178432149628,1342.7155991600555,86.36,0.000499875,2025.69,2.7040000000000002e-05,57252.45161950474,42365.79329794394,99618.24491744868
2026-03-31 00:00:00+00:00,29.399812150233917,105.71646281302492,1.2306576235654545,44821.9359056407,-28.185536500715877,1938.57,10.0,55209600.0,0.023819714388773727,2104.49,1.2306576235654545,99.70178432149628,1342.802149060299,86.36,0.000499875,2104.49,1.043e-05,59479.3073479654,40145.39168944192,99624.69903740732
2026-04-01 00:00:00+00:00,29.399812150233917,105.71646281302492,1.2307396505446229,44827.333062816826,-28.185536500715877,1938.57,10.0,55123200.0,0.023819714388773727,2138.8,1.2307396505446229,99.70178432149628,1342.802149060299,86.36,0.000499875,2138.8,8.953e-05,60451.18091150024,39183.743089278476,99634.92400077872
2026-04-02 00:00:00+00:00,29.399812150233917,105.71646281302492,1.2308246286163462,44810.1739811552,-28.185536500715877,1938.57,10.0,55036800.0,0.023819714388773727,2055.96,1.2308246286163462,99.6758373244093,1342.8224087190204,86.36,0.000499875,2055.96,-0.00029611,58117.621749190315,41501.473851336166,99619.09560052649
2026-04-03 00:00:00+00:00,29.399812150233917,105.71646281302492,1.2309059164278988,44808.25930601399,-28.185536500715877,1938.57,10.0,54950400.0,0.023819714388773727,2052.92,1.2309059164278988,104.87048951197467,1345.256225093442,86.36,0.000499875,2052.92,-3.3089999999999997e-05,58035.57975284176,41585.243207157124,99620.82295999888
2026-04-04 00:00:00+00:00,29.399812150233917,105.71646281302492,1.2309856974398867,44811.52941918603,-28.185536500715877,1938.57,10.0,54864000.0,0.023819714388773727,2064.43,1.2309856974398867,104.87048951197467,1345.256225093442,86.36,0.000499875,2064.43,5.6200000000000004e-05,58364.129329713214,41264.09779520593,99628.22712491915
2026-04-05 00:00:00+00:00,29.399812150233917,105.71646281302492,1.2310654480378174,44810.77139137795,-28.185536500715877,1938.57,10.0,54777600.0,0.023819714388773727,2109.35,1.2310654480378174,104.87252561184795,1345.2548057365366,86.36,0.000499875,2109.35,-1.2749999999999998e-05,59635.615264285356,39997.245467785695,99632.86073207104
2026-04-06 00:00:00+00:00,29.399812150233917,105.71646281302492,1.231145855326466,44817.057899809006,-28.185536500715877,1938.57,10.0,54691200.0,0.023819714388773727,2106.14,1.231145855326466,104.87252561184795,1345.2548057365366,86.36,0.000499875,2106.14,0.0001059,59548.856538694636,40094.00754838405,99642.86408707869
2026-04-07 00:00:00+00:00,29.399812150233917,105.71646281302492,1.231226795381972,44813.3488450525,-28.185536500715877,1938.57,10.0,54604800.0,0.023819714388773727,2239.14,1.231226795381972,103.95909961740882,1345.6995143124918,86.36,0.000499875,2239.14,-5.877e-05,63306.68944974275,36341.622139032326,99648.31158877508
2026-04-08 00:00:00+00:00,29.399812150233917,105.71646281302492,1.2313084769757932,44827.25786450445,-28.185536500715877,1938.57,10.0,54518400.0,0.023819714388773727,2188.87,1.2313084769757932,103.95909961740882,1345.7449896627065,86.36,0.000499875,2188.87,0.00022545,61891.77544083324,37772.41807837527,99664.19351920851
2026-04-09 00:00:00+00:00,29.399812150233917,105.71646281302492,1.2313879902760698,44829.567758422265,-28.185536500715877,1938.57,10.0,54432000.0,0.023819714388773727,2188.92,1.2313879902760698,103.95868355553475,1345.7453142546585,86.36,0.000499875,2188.92,3.744e-05,61897.17188316842,37773.31869546804,99670.49057863647
2026-04-10 00:00:00+00:00,29.399812150233917,105.71646281302492,1.2314681948777082,44830.25397237235,-28.185536500715877,1938.57,10.0,54345600.0,0.023819714388773727,2243.9,1.2314681948777082,103.95984044797848,1345.744412018788,86.36,0.000499875,2243.9,1.085e-05,63453.29860416516,36224.36411260877,99677.66271677392
2026-04-11 00:00:00+00:00,29.399812150233917,105.71646281302492,1.231548008122191,44818.974791565095,-28.185536500715877,1938.57,10.0,54259200.0,0.023819714388773727,2283.85,1.231548008122191,98.94836483039192,1349.65816878658,86.36,0.000499875,2283.85,-0.00017522,64585.28622459146,35087.072748597915,99672.35897318937
2026-04-12 00:00:00+00:00,29.399812150233917,105.71646281302492,1.23162758402077,44818.491955049336,-28.185536500715877,1938.57,10.0,54172800.0,0.023819714388773727,2190.62,1.23162758402077,98.94836483039192,1349.65816878658,86.36,0.000499875,2190.62,-7.820000000000003e-06,61957.12756797727,37714.3274800439,99671.45504802118
2026-04-13 00:00:00+00:00,29.399812150233917,105.71646281302492,1.2317082584195933,44821.86763889584,-28.185536500715877,1938.57,10.0,54086400.0,0.023819714388773727,2368.8,1.2317082584195933,98.94836483039192,1349.65816878658,86.36,0.000499875,2368.8,5.0560000000000004e-05,66992.29297393275,32695.60427019284,99687.89724412559
2026-04-14 00:00:00+00:00,29.399812150233917,105.71646281302492,1.2317893460560885,44837.23560066712,-28.185536500715877,1938.57,10.0,54000000.0,0.023819714388773727,2321.17,1.2317893460560885,98.94836483039192,1349.5704209213795,86.36,0.000499875,2321.17,0.00023490000000000002,65651.61658377906,34053.44933549322,99705.06591927228
2026-04-15 00:00:00+00:00,29.399812150233917,105.71646281302492,1.2318694004908508,44839.70289673889,-28.185536500715877,1938.57,10.0,53913600.0,0.023819714388773727,2358.87,1.2318694004908508,98.94836483039192,1349.5704209213795,86.36,0.000499875,2358.87,3.711e-05,66720.49672084469,32993.32190548801,99713.81862633271
2026-04-16 00:00:00+00:00,29.399812150233917,105.71646281302492,1.231949709791674,44832.658007010854,-28.185536500715877,1938.57,10.0,53827200.0,0.023819714388773727,2346.92,1.231949709791674,96.15362220517414,1351.754273917602,86.36,0.000499875,2346.92,-0.0001065,66387.30189664218,33323.09417694352,99710.3960735857
2026-04-17 00:00:00+00:00,29.399812150233917,105.71646281302492,1.2320322371464432,44835.04437641791,-28.185536500715877,1938.57,10.0,53740800.0,0.023819714388773727,2417.66,1.2320322371464432,96.12850294128327,1351.773901640181,86.36,0.000499875,2417.66,3.502e-05,68389.54086348576,31331.63569428994,99721.1765577757
2026-04-18 00:00:00+00:00,29.399812150233917,105.71646281302492,1.2321151984233545,44822.81849145647,-28.185536500715877,1938.57,10.0,53654400.0,0.023819714388773727,2348.99,1.2321151984233545,96.12850294128327,1351.773901640181,86.36,0.000499875,2348.99,-0.00018466,66454.32039571459,33254.91060083266,99709.23099654725
2026-04-19 00:00:00+00:00,29.399812150233917,105.71646281302492,1.2322051289515636,44794.25915831431,-28.185536500715877,1938.57,10.0,53568000.0,0.023819714388773727,2262.2,1.2322051289515636,96.12850294128327,1320.5839526981342,86.36,0.000499875,2262.2,-0.00044791,64007.00694827115,35672.57398058763,99679.58092885878
2026-04-20 00:00:00+00:00,29.399812150233917,105.71646281302492,1.2323005756916126,44793.265139069,-28.185536500715877,1938.57,10.0,53481600.0,0.023819714388773727,2312.59,1.2323005756916126,96.53976339952749,1320.262884310337,86.36,0.000499875,2312.59,-1.525e-05,65434.60713973005,34251.310777071245,99685.91791680129
2026-04-21 00:00:00+00:00,29.399812150233917,105.71646281302492,1.2323891838227494,44785.54310277944,-28.185536500715877,1938.57,10.0,53395200.0,0.023819714388773727,2326.13,1.2323891838227494,96.53976339952749,1320.262884310337,86.36,0.000499875,2326.13,-0.00011778,65821.33988871989,33861.95657656199,99683.29646528188
2026-04-22 00:00:00+00:00,29.399812150233917,105.71646281302492,1.232476451530922,44796.023376973135,-28.185536500715877,1938.57,10.0,53308800.0,0.023819714388773727,2373.04,1.232476451530922,96.53976339952749,1311.0578350821133,86.36,0.000499875,2373.04,0.00015669000000000002,67150.92071528021,32550.253333507106,99701.17404878732
2026-04-23 00:00:00+00:00,29.399812150233917,105.71646281302492,1.2325646355147604,44797.33031762259,-28.185536500715877,1938.57,10.0,53222400.0,0.023819714388773727,2328.94,1.2325646355147604,95.52823346104762,1311.8478349978654,86.36,0.000499875,2328.94,1.9910000000000004e-05,65909.21271427236,33794.54243383813,99703.75514811049
2026-04-24 00:00:00+00:00,29.399812150233917,105.71646281302492,1.2326537064978165,44782.48019059014,-28.185536500715877,1938.57,10.0,53136000.0,0.023819714388773727,2313.88,1.2326537064978165,95.52823346104762,1311.8519303963892,86.36,0.000499875,2313.88,-0.0002277,65487.913611789634,34204.16648650646,99692.0800982961
2026-04-25 00:00:00+00:00,29.399812150233917,105.71646281302492,1.2327374914870635,44775.31958080425,-28.185536500715877,1938.57,10.0,53049600.0,0.023819714388773727,2318.21,1.2327374914870635,95.52823344046956,1310.4029992698559,86.36,0.000499875,2318.21,-0.00010959,65614.48915645196,34074.962503672476,99689.45166012444
2026-04-26 00:00:00+00:00,29.399812150233917,105.71646281302492,1.23282265745905,44771.37852089094,-28.185536500715877,1938.57,10.0,52963200.0,0.023819714388773727,2368.32,1.23282265745905,95.52823344046956,1310.4029992698559,86.36,0.000499875,2368.32,-5.904e-05,67034.83112348513,32658.644209708284,99693.4753331934
2026-04-27 00:00:00+00:00,29.399812150233917,105.71646281302492,1.2329073306612124,44757.04150401931,-28.185536500715877,1938.57,10.0,52876800.0,0.023819714388773727,2302.28,1.2329073306612124,95.52823344046956,1301.2873279003222,86.36,0.000499875,2302.28,-0.00022093999999999998,65172.72612923088,34505.68002334393,99678.40615257481
2026-04-28 00:00:00+00:00,29.399812150233917,105.71646281302492,1.2329931948245947,44739.13853430878,-28.185536500715877,1938.57,10.0,52790400.0,0.023819714388773727,2288.37,1.2329931948245947,95.21318871295483,1301.5334245704157,86.36,0.000499875,2288.37,-0.00027757,64783.773113600786,34879.83786635837,99663.61097995916
2026-04-29 00:00:00+00:00,29.399812150233917,105.71646281302492,1.2330877386451624,44746.93780507334,-28.185536500715877,1938.57,10.0,52704000.0,0.023819714388773727,2251.52,1.2330877386451624,95.21318871295483,1301.5334245704157,86.36,0.000499875,2251.52,0.0001229,63746.3560183703,35926.27415717431,99672.63017554462
2026-04-30 00:00:00+00:00,29.399812150233917,105.71646281302492,1.2331780481555232,44735.20671475021,-28.185536500715877,1938.57,10.0,52617600.0,0.023819714388773727,2256.49,1.2331780481555232,91.84732711801738,1304.162929005569,86.36,0.000499875,2256.49,-0.00018445,63890.94987460706,35774.46095044262,99665.41082504968
2026-05-01 00:00:00+00:00,29.399812150233917,105.71646281302492,1.2332644111846462,44730.0281650687,-28.185536500715877,1938.57,10.0,52531200.0,0.023819714388773727,2294.34,1.2332644111846462,90.82278038644536,1304.9637053584029,86.36,0.000499875,2294.34,-8.008e-05,64965.056039824034,34702.45984420901,99667.51588403304
2026-05-02 00:00:00+00:00,29.399812150233917,105.71646281302492,1.233347093656989,44726.99679945658,-28.185536500715877,1938.57,10.0,52444800.0,0.023819714388773727,2315.9,1.233347093656989,94.01996554932506,1302.4675252516292,86.36,0.000499875,2315.9,-4.6439999999999996e-05,65578.76422168191,34091.74831164145,99670.51253332336
2026-05-03 00:00:00+00:00,29.399812150233917,105.71646281302492,1.2334273037452288,44733.958696627175,-28.185536500715877,1938.57,10.0,52358400.0,0.023819714388773727,2321.67,1.2334273037452288,92.97540356660727,1303.2835681562153,86.36,0.000499875,2321.67,0.00010639,65746.1217879275,33936.079663202916,99682.20145113042
2026-05-04 00:00:00+00:00,29.399812150233917,105.71646281302492,1.2335097132105617,44742.385841097595,-28.185536500715877,1938.57,10.0,52272000.0,0.023819714388773727,2346.11,1.2335097132105617,92.97540356660727,1303.2835681562153,86.36,0.000499875,2346.11,0.00012744,66441.39025279893,33255.65229559584,99697.04254839476
2026-05-05 00:00:00+00:00,29.399812150233917,105.71646281302492,1.233591642407364,44735.14566734721,-28.185536500715877,1938.57,10.0,52185600.0,0.023819714388773727,2359.47,1.233591642407364,92.97540356660727,1303.2835681562153,86.36,0.000499875,2359.47,-0.00010887,66823.44369329308,32871.853354195904,99695.29704748899
2026-05-06 00:00:00+00:00,29.399812150233917,105.71646281302492,1.233677291923138,44724.1505686469,-28.185536500715877,1938.57,10.0,52099200.0,0.023819714388773727,2349.7,1.233677291923138,92.97540355691633,1303.4356380009972,86.36,0.000499875,2349.7,-0.00016602,66551.46680842373,33136.230947107586,99687.69775553132
2026-05-07 00:00:00+00:00,29.399812150233917,105.71646281302492,1.2337865719425907,44709.37230862473,-28.185536500715877,1938.57,10.0,52012800.0,0.023819714388773727,2289.91,1.2337865719425907,92.97540355588401,1303.4721106965621,86.36,0.000499875,2289.91,-0.00022897,64864.877896202495,34806.665914463214,99671.54381066571
2026-05-08 00:00:00+00:00,29.399812150233917,105.71646281302492,1.2338743759558495,44704.70851279715,-28.185536500715877,1938.57,10.0,51926400.0,0.023819714388773727,2306.17,1.2338743759558495,92.97540355588401,1303.4721106965621,86.36,0.000499875,2306.17,-7.175000000000001e-05,65328.920688536455,34343.705295133994,99672.62598367044
2026-05-09 00:00:00+00:00,29.399812150233917,105.71646281302492,1.2339599799327252,44717.339569276555,-28.185536500715877,1938.57,10.0,51840000.0,0.023819714388773727,2325.22,1.2339599799327252,92.97540355588401,1303.4721106965621,86.36,0.000499875,2325.22,0.00019273,65871.93506510722,33819.40188127477,99691.33694638198
2026-05-10 00:00:00+00:00,29.399812150233917,105.71646281302492,1.2340418057271128,44734.02895437861,-28.185536500715877,1938.57,10.0,51753600.0,0.023819714388773727,2370.21,1.2340418057271128,92.97540355588401,1303.4721106965621,86.36,0.000499875,2370.21,0.00024982,67148.75010533728,32568.02397920961,99716.7740845469
2026-05-11 00:00:00+00:00,29.399812150233917,105.71646281302492,1.2341256587504827,44742.474640447734,-28.185536500715877,1938.57,10.0,51667200.0,0.023819714388773727,2338.61,1.2341256587504827,99.5304596856818,1298.359820344039,86.36,0.000499875,2338.61,0.00012813,66259.18858004171,33467.13261870135,99726.32119874305
2026-05-12 00:00:00+00:00,29.399812150233917,105.71646281302492,1.2342103063765948,44747.99220392458,-28.185536500715877,1938.57,10.0,51580800.0,0.023819714388773727,2273.62,1.2342103063765948,107.13253805144616,1290.7964741357332,86.36,0.000499875,2273.62,8.61e-05,64424.93088951179,35304.428199359725,99729.35908887151
2026-05-13 00:00:00+00:00,29.399812150233917,105.71646281302492,1.234293171858565,44752.39158047018,-28.185536500715877,1938.57,10.0,51494400.0,0.023819714388773727,2257.54,1.234293171858565,107.13253805144616,1290.7964741357332,86.36,0.000499875,2257.54,6.914e-05,63974.15728848067,35762.05100283684,99736.20829131751
2026-05-14 00:00:00+00:00,29.399812150233917,105.71646281302492,1.234376649198914,44762.30603257787,-28.185536500715877,1938.57,10.0,51408000.0,0.023819714388773727,2282.06,1.234376649198914,107.13253805144616,1290.7964741357332,86.36,0.000499875,2282.06,0.00015413999999999998,64672.020729687705,35080.85609994698,99752.87682963468
2026-05-15 00:00:00+00:00,29.399812150233917,105.71646281302492,1.2344581107452781,44762.99044412491,-28.185536500715877,1938.57,10.0,51321600.0,0.023819714388773727,2223.66,1.2344581107452781,108.69481051888651,1289.7847214289502,86.36,0.000499875,2223.66,1.092e-05,63023.767754173045,36727.57584313582,99751.34359730886
2026-05-16 00:00:00+00:00,29.399812150233917,105.71646281302492,1.2345401481589053,44774.09111376463,-28.185536500715877,1938.57,10.0,51235200.0,0.023819714388773727,2179.66,1.2345401481589053,108.69481051888651,1289.7847214289502,86.36,0.000499875,2179.66,0.00018069,61782.77353110063,37978.84011880704,99761.61364990767
2026-05-17 00:00:00+00:00,29.399812150233917,105.71646281302492,1.234620232627676,44784.51083511002,-28.185536500715877,1938.57,10.0,51148800.0,0.023819714388773727,2129.88,1.234620232627676,108.69481051888651,1289.7847214289502,86.36,0.000499875,2129.88,0.00017357,60378.053831697434,39392.33584715806,99770.38967885548
2026-05-18 00:00:00+00:00,29.399812150233917,105.71646281302492,1.2347022680968354,44789.152955383455,-28.185536500715877,1938.57,10.0,51062400.0,0.023819714388773727,2128.99,1.2347022680968354,108.69481051888651,1289.7847214289502,86.36,0.000499875,2128.99,7.736e-05,60356.75392507636,39422.06309491715,99778.8170199935
2026-05-19 00:00:00+00:00,29.399812150233917,105.71646281302492,1.2347831749434308,44800.6215163043,-28.185536500715877,1938.57,10.0,50976000.0,0.023819714388773727,2111.0,1.2347831749434308,108.69481051888651,1289.7847214289502,86.36,0.000499875,2111.0,0.00019275,59851.48482456218,39940.58945748586,99792.07428204804
2026-05-20 00:00:00+00:00,29.399812150233917,105.71646281302492,1.234861405110893,44808.93932472679,-28.185536500715877,1938.57,10.0,50889600.0,0.02449306755884506,2128.6,1.234861405110893,107.72350300904466,1290.5413201425763,86.36,0.000499875,2128.6,0.00013864,60289.60100798923,39452.84182349575,99742.44283148498
2026-05-21 00:00:00+00:00,29.399812150233917,105.71646281302492,1.2349429587446141,44816.294818525894,-28.185536500715877,1938.57,10.0,50803200.0,0.024493067569651972,2132.78,1.2349429587446141,107.72350300904466,1290.5413201425763,86.36,0.000499875,2132.78,0.00012236000000000001,60411.78392779424,39342.381774721856,99754.1657025161
2026-05-22 00:00:00+00:00,29.399812150233917,105.71646281302492,1.2350222578600727,44824.42106123247,-28.185536500715877,1938.57,10.0,50716800.0,0.024493067580495742,2064.98,1.2350222578600727,107.72350300904466,1290.5413201425763,86.36,0.000499875,2064.98,0.00013962,58498.55553697489,41261.48739217697,99760.04292915185
2026-05-23 00:00:00+00:00,29.399812150233917,105.71646281302492,1.2351019038339786,44834.29301825481,-28.185536500715877,1938.57,10.0,50630400.0,0.024493067591376372,2116.82,1.2351019038339786,107.72350300904466,1290.5413201425763,86.36,0.000499875,2116.82,0.00016546,59968.43886051948,39810.2211370022,99778.65999752168
2026-05-24 00:00:00+00:00,29.399812150233917,105.71646281302492,1.2351818182249217,44846.27551945126,-28.185536500715877,1938.57,10.0,50544000.0,0.024493067602294527,2098.99,1.2351818182249217,107.72350300904466,1290.5413201425763,86.36,0.000499875,2098.99,0.00020254,59468.14978004804,40324.75175400642,99792.90153405446
2026-05-25 00:00:00+00:00,29.399812150233917,105.71646281302492,1.2352615745526754,44854.677038872054,-28.185536500715877,1938.57,10.0,50457600.0,0.024493067613249986,2111.64,1.2352615745526754,107.72350300904466,1290.5413201425763,86.36,0.000499875,2111.64,0.00014116,59829.869157634304,39976.60623669316,99806.47539432746
2026-05-26 00:00:00+00:00,29.399812150233917,105.71646281302492,1.2353416634501984,44860.904915132814,-28.185536500715877,1938.57,10.0,50371200.0,0.02449727480595909,2072.99,1.2353416634501984,107.7749879224768,1290.6822572596907,86.36,0.000499875,2072.99,0.00010659,58740.22202730428,41072.20509870659,99812.42712601087
2026-05-27 00:00:00+00:00,29.399812150233917,105.71646281302492,1.2354226924569915,44870.32776953258,-28.185536500715877,1938.57,10.0,50284800.0,0.02447164945395408,2023.7,1.2354226924569915,107.54802795436309,1290.8590466756223,86.36,0.000499875,2023.7,0.0001652,57352.13347736656,42470.89304722664,99823.0265245932
2026-05-28 00:00:00+00:00,29.399812150233917,105.71646281302492,1.2355019858496132,44874.82812487779,-28.185536500715877,1938.57,10.0,50198400.0,0.02568641725962162,2008.92,1.2355019858496132,118.81849252541379,1282.1096087721032,86.36,0.000499875,2008.92,7.947999999999999e-05,56830.69783604137,42891.975632052425,99722.6734680938
2026-05-29 00:00:00+00:00,29.399812150233917,105.71646281302492,1.2355833033993286,44887.41922687665,-28.185536500715877,1938.57,10.0,50112000.0,0.02568641727127674,2013.35,1.2355833033993286,118.81849252541379,1282.1096087721032,86.36,0.000499875,2013.35,0.00022188,56959.736146896386,42779.70480735312,99739.4409542495
2026-05-30 00:00:00+00:00,29.399812150233917,105.71646281302492,1.2356642084438574,44897.15528275178,-28.185536500715877,1938.57,10.0,50025600.0,0.025686417282972274,2021.58,1.2356642084438574,118.81849252541379,1282.1096087721032,86.36,0.000499875,2021.58,0.00017087,57196.105940802816,42557.47389782735,99753.57983863016
2026-05-31 00:00:00+00:00,29.399812150233917,105.71646281302492,1.2357442451202094,44907.51165264493,-28.185536500715877,1938.57,10.0,49939200.0,0.02568641729470822,2006.31,1.2357442451202094,118.81849252541379,1282.1096087721032,86.36,0.000499875,2006.31,0.00018313999999999998,56768.81091514699,42998.22341008644,99767.03432523343
2026-06-01 00:00:00+00:00,29.399812150233917,105.71646281302492,1.2358250486199849,44919.586374814164,-28.185536500715877,1938.57,10.0,49852800.0,0.025686417306485243,2006.0,1.2358250486199849,118.81849252541379,1282.1096087721032,86.36,0.000499875,2006.0,0.00021356,56763.99252656984,43019.03564857089,99783.02817514073
2026-06-02 00:00:00+00:00,37.23216881699407,0.0,1.235906664991772,31015.042388417573,-35.7714367701605,1921.6874374031784,10.0,49766400.0,0.0256864173183029,1858.96,1.235906664991772,118.81849252541379,1282.1096087721032,86.36,0.000499875,1858.96,0.00025699,66497.67009825756,33258.89294923957,99756.56304749713
2026-06-03 00:00:00+00:00,37.23216881699407,0.0,1.2359890654480257,31027.519100780202,-35.7714367701605,1921.6874374031784,10.0,49680000.0,0.02649337236641025,1812.46,1.2359890654480257,120.03599297836456,1206.7978476037788,86.36,0.000499875,1812.46,0.00019244,64758.52391317614,34934.74147141466,99693.2653845908
2026-06-04 00:00:00+00:00,37.23216881699407,0.0,1.2360780403572236,31037.698785637043,-35.7714367701605,1921.6874374031784,10.0,49593600.0,0.025812446641574338,1769.86,1.2360780403572236,113.55377148116696,1211.8382929295014,86.36,0.000499875,1769.86,0.00016079,63307.00067448162,36468.784362680344,99775.78503716196
2026-06-05 00:00:00+00:00,37.23216881699407,0.0,1.2361696802675803,31034.389778175428,-35.7714367701605,1921.6874374031784,10.0,49507200.0,0.025936241370653423,1582.35,1.2361696802675803,112.33738283239028,1185.923050930285,86.36,0.000499875,1582.35,-5.846e-05,56593.092503177235,43172.97746399152,99766.06996716876
2026-06-06 00:00:00+00:00,37.23216881699407,0.0,1.2362795854955357,31026.231788876834,-35.7714367701605,1921.6874374031784,10.0,49420800.0,0.02456295654736551,1568.6,1.2362795854955357,100.38718967957142,1195.2304941601176,86.36,0.000499875,1568.6,-0.00014539000000000002,56223.151073123016,43656.676730282634,99879.82780340564
2026-06-07 00:00:00+00:00,37.23216881699407,0.0,1.236355941914844,31016.355032600783,-35.7714367701605,1921.6874374031784,10.0,49334400.0,0.025807541408770174,1689.66,1.236355941914844,113.14262112391258,1207.9791785624607,86.36,0.000499875,1689.66,-0.00016341,60451.40032618661,39316.30983861095,99767.71016479755
2026-06-08 00:00:00+00:00,37.23216881699407,0.0,1.236442351017962,31004.663308660758,-35.7714367701605,1921.6874374031784,10.0,49248000.0,0.026138620908421117,1689.21,1.236442351017962,117.01258031407191,1213.5795011280886,86.36,0.000499875,1689.21,-0.00019349,60409.06943049448,39320.7152612175,99729.78469171198
2026-06-09 00:00:00+00:00,37.23216881699407,0.0,1.2365295462149508,30999.00564339073,-35.7714367701605,1921.6874374031784,10.0,49161600.0,0.026073383889383184,1638.64,1.2365295462149508,117.14489577192515,1221.9161473658482,86.36,0.000499875,1638.64,-9.652e-05,58610.550256630995,41124.01915341448,99734.56941004549
2026-06-10 00:00:00+00:00,37.23216881699407,0.0,1.2366106052067496,30992.17149345444,-35.7714367701605,1921.6874374031784,10.0,49075200.0,0.02607338390172198,1620.72,1.2366106052067496,117.14489577192515,1221.9161473658482,86.36,0.000499875,1620.72,-0.00011788,57973.67932788796,41758.209150399474,99731.88847828744
2026-06-11 00:00:00+00:00,37.23216881699407,0.0,1.2366921483464266,30988.96339641467,-35.7714367701605,1921.6874374031784,10.0,48988800.0,0.026073383914104298,1672.57,1.2366921483464266,117.14489577192515,1221.9161473658482,86.36,0.000499875,1672.57,-5.3620000000000005e-05,59832.58977856794,39900.25205682688,99732.84183539482
2026-06-12 00:00:00+00:00,37.23216881699407,0.0,1.2367726914715587,30982.723342020166,-35.7714367701605,1921.6874374031784,10.0,48902400.0,0.02607338392653058,1665.48,1.2367726914715587,117.14489577192515,1221.9161473658482,86.36,0.000499875,1665.48,-0.00010474,59583.161865815346,40147.631489132815,99730.79335494817
2026-06-13 00:00:00+00:00,37.23216881699407,0.0,1.2368522940865672,30986.086534569688,-35.7714367701605,1921.6874374031784,10.0,48816000.0,0.026073383939000827,1680.41,1.2368522940865672,117.14489577192515,1221.9161473658482,86.36,0.000499875,1680.41,5.5950000000000005e-05,60121.52765967359,39616.927130703836,99738.45479037744
2026-06-14 00:00:00+00:00,37.23216881699407,0.0,1.2369306471487074,30983.83893370293,-35.7714367701605,1921.6874374031784,10.0,48729600.0,0.02607338395151526,1724.74,1.2369306471487074,117.14489577192515,1221.9161473658482,86.36,0.000499875,1724.74,-3.643e-05,61711.913296019506,38028.93173781587,99740.84503383537
2026-06-15 00:00:00+00:00,37.23216881699407,0.0,1.2370098204107798,30989.64529491186,-35.7714367701605,1921.6874374031784,10.0,48643200.0,0.026073383964074548,1795.16,1.2370098204107798,117.14489577192515,1221.9161473658482,86.36,0.000499875,1795.16,9.042e-05,64236.099809043386,35515.71352167009,99751.81333071348
2026-06-16 00:00:00+00:00,37.23216881699407,0.0,1.2370913042489888,30992.24767655225,-35.7714367701605,1921.6874374031784,10.0,48556800.0,0.02591598886953106,1792.32,1.2370913042489888,117.14489442772792,1238.8743022799263,86.36,0.000499875,1792.32,4.059e-05,64154.150850413986,35619.906783737744,99774.05763415173
2026-06-17 00:00:00+00:00,37.23216881699407,0.0,1.2371721376863964,30995.151586908334,-35.7714367701605,1921.6874374031784,10.0,48470400.0,0.02591598888210278,1749.56,1.2371721376863964,117.14489442772792,1238.8743022799263,86.36,0.000499875,1749.56,4.64e-05,62627.99297600569,37152.39733038589,99780.39030639158
2026-06-18 00:00:00+00:00,37.23216881699407,0.0,1.2372531218177798,30997.98156996706,-35.7714367701605,1921.6874374031784,10.0,48384000.0,0.02590481571694747,1710.18,1.2372531218177798,117.14489440671375,1240.086763010323,86.36,0.000499875,1710.18,4.626e-05,61223.644219890324,38563.906493453534,99787.55071334387
2026-06-19 00:00:00+00:00,37.23216881699407,0.0,1.2373339985631728,31000.708373532278,-35.7714367701605,1921.6874374031784,10.0,48297600.0,0.025904815729603792,1710.31,1.2373339985631728,117.14489440671375,1240.086763010323,86.36,0.000499875,1710.31,4.457e-05,61232.58847784186,38561.98301023863,99794.57148808049
2026-06-20 00:00:00+00:00,37.23216881699407,0.0,1.2374120490674227,31006.23797946251,-35.7714367701605,1921.6874374031784,10.0,48211200.0,0.025904815742305187,1740.0,1.2374120490674227,117.14489440671375,1240.086763010323,86.36,0.000499875,1740.0,8.884e-05,62299.91617259714,37505.4586584628,99805.37483105995
2026-06-21 00:00:00+00:00,37.23216881699407,0.0,1.2374893983609312,31010.053412351317,-35.7714367701605,1921.6874374031784,10.0,48124800.0,0.025904815755061428,1706.31,1.2374893983609312,117.14489440671375,1240.086763010323,86.36,0.000499875,1706.31,6.251e-05,61097.941783716786,38714.41379613832,99812.3555798551
2026-06-22 00:00:00+00:00,37.23216881699407,0.0,1.2375670916237584,31014.137646621813,-35.7714367701605,1921.6874374031784,10.0,48038400.0,0.02625523125283369,1727.32,1.2375670916237584,120.56814918433898,1237.7717003335888,86.36,0.000499875,1727.32,6.610000000000001e-05,61822.41258364328,37966.94014386774,99789.35272751102
2026-06-23 00:00:00+00:00,37.23216881699407,0.0,1.2376474992407585,31013.452733211347,-35.7714367701605,1921.6874374031784,10.0,47952000.0,0.02625478387284441,1666.4,1.2376474992407585,120.56814918433898,1237.8201738899497,86.36,0.000499875,1666.4,-1.149e-05,59646.302816767435,40145.451158495445,99791.75397526288
2026-06-24 00:00:00+00:00,37.23216881699407,0.0,1.237724895637439,31017.416782308104,-35.7714367701605,1921.6874374031784,10.0,47865600.0,0.026246744952783008,1621.54,1.237724895637439,120.56814918433898,1238.6914753851627,86.36,0.000499875,1621.54,6.834e-05,58045.41733685006,41754.12186110161,99799.53919795167
2026-06-25 00:00:00+00:00,37.23216881699407,0.0,1.2378091800515714,31015.560875150495,-35.7714367701605,1921.6874374031784,10.0,47779200.0,0.02514449929462992,1566.97,1.2378091800515714,113.29831229276539,1281.8569500791662,86.36,0.000499875,1566.97,-3.311e-05,56187.39188855495,43704.31325849165,99891.7051470466
2026-06-26 00:00:00+00:00,37.23216881699407,0.0,1.2378984855494102,31013.804954599495,-35.7714367701605,1921.6874374031784,10.0,47692800.0,0.025135461574251172,1577.86,1.2378984855494102,113.21454403271959,1281.9221356831708,86.36,0.000499875,1577.86,-3.1110000000000005e-05,56582.48236137468,43313.00639151361,99895.48875288828
2026-06-27 00:00:00+00:00,37.23216881699407,0.0,1.2379776261237352,31015.48129888508,-35.7714367701605,1921.6874374031784,10.0,47606400.0,0.02499226758161277,1573.1,1.2379776261237352,112.17976987411767,1286.2124794923657,86.36,0.000499875,1573.1,2.979e-05,56427.522459042106,43484.95477482516,99912.47723386726
2026-06-28 00:00:00+00:00,37.23216881699407,0.0,1.2380534263708196,31011.877722548747,-35.7714367701605,1921.6874374031784,10.0,47520000.0,0.024992267594229567,1571.1,1.2380534263708196,112.17976987411767,1286.2124794923657,86.36,0.000499875,1571.1,-6.412e-05,56359.593405827785,43552.89407202914,99912.48747785692
2026-06-29 00:00:00+00:00,37.23216881699407,0.0,1.2381288881391035,31013.131998256795,-35.7714367701605,1921.6874374031784,10.0,47433600.0,0.025350331093671574,1612.12,1.2381288881391035,115.51458922330518,1283.618705968772,86.36,0.000499875,1612.12,2.175e-05,57804.62743763756,42086.80401142521,99891.43144906277
2026-06-30 00:00:00+00:00,37.23216881699407,0.0,1.2382096497944335,31019.942292826443,-35.7714367701605,1921.6874374031784,10.0,47347200.0,0.02468455834774308,1571.47,1.2382096497944335,109.36521227149578,1288.1324385167143,86.36,0.000499875,1571.47,0.00012114999999999999,56405.91325775957,43547.72321070188,99953.63646846145
2026-07-01 00:00:00+00:00,37.23216881699407,0.0,1.238297303531917,31027.745137598813,-35.7714367701605,1921.6874374031784,10.0,47260800.0,0.021600371576583788,1608.87,1.238297303531917,84.94257748457957,1309.8170656316108,86.36,0.000499875,1608.87,0.00013558,58013.68321852546,42217.67432027025,100231.35753879571
2026-07-02 00:00:00+00:00,37.23216881699407,0.0,1.2383718264599062,31036.441270424748,-35.7714367701605,1921.6874374031784,10.0,47174400.0,0.02289147399514313,1699.9,1.2383718264599062,94.64614562461396,1303.862990970452,86.36,0.000499875,1699.9,0.00014301,61183.985933429554,38970.09656390847,100154.08249733802
2026-07-03 00:00:00+00:00,37.23216881699407,0.0,1.2384492422387874,31050.949273747367,-35.7714367701605,1921.6874374031784,10.0,47088000.0,0.022887929224954195,1757.41,1.2384492422387874,94.64614562461396,1304.2666835597279,86.36,0.000499875,1757.41,0.00023078,63258.175726036505,36927.389238579155,100185.56496461565
2026-07-04 00:00:00+00:00,37.23216881699407,0.0,1.2385253504665508,31065.311543735785,-35.7714367701605,1921.6874374031784,10.0,47001600.0,0.02288792923807903,1779.94,1.2385253504665508,94.64614562416838,1304.266683859181,86.36,0.000499875,1779.94,0.00022557,64073.11807226468,36135.82103813586,100208.93911040053
2026-07-05 00:00:00+00:00,37.23216881699407,0.0,1.2386005922567904,31077.270217985806,-35.7714367701605,1921.6874374031784,10.0,46915200.0,0.022940090320279216,1785.07,1.2386005922567904,94.64614562416838,1298.3395483798886,86.36,0.000499875,1785.07,0.00018728,64256.893826155116,35964.27224175497,100221.16606791009
2026-07-06 00:00:00+00:00,37.23216881699407,0.0,1.2386756412830486,31090.12290600599,-35.7714367701605,1921.6874374031784,10.0,46828800.0,0.022863813722746817,1798.84,1.2386756412830486,94.68647892125826,1307.572311799531,86.36,0.000499875,1798.84,0.00019973999999999998,64763.765112922134,35484.55224545004,100248.31735837218
2026-07-07 00:00:00+00:00,37.23216881699407,0.0,1.2387523296429652,31099.610516221772,-35.7714367701605,1921.6874374031784,10.0,46742400.0,0.0228638136775694,1770.67,1.2387523296429652,94.68647892125826,1307.5723332524067,86.36,0.000499875,1770.67,0.00014979,63753.50705824727,36501.721229481234,100255.2282877285
2026-07-08 00:00:00+00:00,37.23216881699407,0.0,1.2388290692703552,31105.2458865575,-35.7714367701605,1921.6874374031784,10.0,46656000.0,0.022863813689522727,1742.68,1.2388290692703552,94.68647892125826,1307.5723332524067,86.36,0.000499875,1742.68,9.04e-05,62749.604960482706,37508.599115013756,100258.20407549647
2026-07-09 00:00:00+00:00,37.23216881699407,0.0,1.2389047482219684,31114.779116022208,-35.7714367701605,1921.6874374031784,10.0,46569600.0,0.0228531637722178,1744.25,1.2389047482219684,94.68647888442118,1308.788572172354,86.36,0.000499875,1744.25,0.00015279,62810.99255405306,37461.97118874932,100272.96374280239
2026-07-10 00:00:00+00:00,37.23216881699407,0.0,1.2389796652982301,31121.589252821934,-35.7714367701605,1921.6874374031784,10.0,46483200.0,0.022853163784254837,1796.03,1.2389796652982301,94.68647888442118,1308.788572172354,86.36,0.000499875,1796.03,0.000106,64679.61065854678,35616.53632959013,100296.14698813691
2026-07-11 00:00:00+00:00,37.23216881699407,0.0,1.239053565318025,31130.24113208801,-35.7714367701605,1921.6874374031784,10.0,46396800.0,0.023083951916653467,1786.7,1.239053565318025,96.50837167637866,1307.3679040969305,86.36,0.000499875,1786.7,0.00013537,64326.24236961729,35958.935713921805,100285.1780835391
2026-07-12 00:00:00+00:00,37.23216881699407,0.0,1.2391230552786325,31133.250216535034,-35.7714367701605,1921.6874374031784,10.0,46310400.0,0.02448762399642823,1805.92,1.2391230552786325,108.32424889757014,1298.1648057027248,86.36,0.000499875,1805.92,4.658e-05,64891.4982841637,35274.41778364634,100165.91606781005
2026-07-13 00:00:00+00:00,37.23216881699407,0.0,1.2391977335274618,31136.27361264742,-35.7714367701605,1921.6874374031784,10.0,46224000.0,0.02449408230958272,1776.0,1.2391977335274618,108.38163788250709,1298.1201139252244,86.36,0.000499875,1776.0,4.759e-05,63820.03354263683,36347.72256792193,100167.75611055875
2026-07-14 00:00:00+00:00,37.23216881699407,0.0,1.2392757105383128,31143.50519234648,-35.7714367701605,1921.6874374031784,10.0,46137600.0,0.023756183468608638,1891.12,1.2392757105383128,108.3815179025071,1384.5138431429866,86.36,0.000499875,1891.12,0.0001069,68033.01973458841,32236.94634664012,100269.96608122853
2026-07-15 00:00:00+00:00,37.23216881699407,0.0,1.2393506050135918,31155.557165371716,-35.7714367701605,1921.6874374031784,10.0,46051200.0,0.023710963658702955,1916.91,1.2393506050135918,107.97897260923041,1384.8277646585227,86.36,0.000499875,1916.91,0.00017576,68969.69925507295,31326.452965362907,100296.15222043585
2026-07-16 00:00:00+00:00,37.23216881699407,0.0,1.2394253756390536,31164.860726616014,-35.7714367701605,1921.6874374031784,10.0,45964800.0,0.023710963671480734,1863.73,1.2394253756390536,108.17866519226352,1387.3888173032947,86.36,0.000499875,1863.73,0.00013955,67060.60827695788,33238.081534044344,100298.68981100223
2026-07-17 00:00:00+00:00,37.23216881699407,0.0,1.2395013508522472,31174.1519840922,-35.7714367701605,1921.6874374031784,10.0,45878400.0,0.023390403330727283,1841.08,1.2395013508522472,105.36054459368474,1389.5875381583369,86.36,0.000499875,1841.08,0.00014108,66280.06241470326,34057.59583436467,100337.65824906793
2026-07-18 00:00:00+00:00,37.23216881699407,0.0,1.239576626418368,31180.500721136745,-35.7714367701605,1921.6874374031784,10.0,45792000.0,0.02339039993557135,1861.75,1.239576626418368,105.36051657487951,1389.5875818913275,86.36,0.000499875,1861.75,9.533e-05,67028.44181597924,33324.548973369994,100352.99078934923
2026-07-19 00:00:00+00:00,37.23216881699407,0.0,1.239651769577016,31187.49054111499,-35.7714367701605,1921.6874374031784,10.0,45705600.0,0.022749295442183737,1871.49,1.239651769577016,99.93257587216446,1393.8257916218115,86.36,0.000499875,1871.49,0.00010441000000000001,67444.60463924485,32983.12499920687,100427.72963845171
2026-07-20 00:00:00+00:00,37.23216881699407,0.0,1.2397266996305945,31192.59531812899,-35.7714367701605,1921.6874374031784,10.0,45619200.0,0.022749282949949823,1903.5,1.2397266996305945,99.93247264406895,1393.8258722332082,86.36,0.000499875,1903.5,7.497e-05,68602.40736246259,31843.18608520804,100445.59344767063
2026-07-21 00:00:00+00:00,37.23216881699407,0.0,1.2398012747646594,31199.709917292133,-35.7714367701605,1921.6874374031784,10.0,45532800.0,0.022749282962437167,1929.29,1.2398012747646594,99.93247264406895,1393.8258722332082,86.36,0.000499875,1929.29,0.00010309,69536.16785641966,30927.755330068743,100463.9231864884
2026-07-22 00:00:00+00:00,37.23216881699407,0.0,1.239876277298766,31205.891194658743,-35.7714367701605,1921.6874374031784,10.0,45446400.0,0.022749282974972473,1933.31,1.239876277298766,99.93247264406895,1393.8258722332082,86.36,0.000499875,1933.31,8.938e-05,69685.35261541848,30790.135431619306,100475.48804703778
2026-07-23 00:00:00+00:00,37.23216881699407,0.0,1.239949710455059,31201.76030541314,-35.7714367701605,1921.6874374031784,10.0,45360000.0,0.022749282987555297,1877.42,1.239949710455059,99.93247264406895,1393.8258722332082,86.36,0.000499875,1877.42,-6.151e-05,67674.99144944506,32785.27014345797,100460.26159290303
2026-07-24 00:00:00+00:00,37.23216881699407,0.0,1.240023817926904,31203.326350730622,-35.7714367701605,1921.6874374031784,10.0,45273600.0,0.022749283000186304,1860.57,1.240023817926904,99.93247264406895,1393.8258722332082,86.36,0.000499875,1860.57,2.353e-05,67071.73619311512,33389.58489835266,100461.32109146778
2026-07-25 00:00:00+00:00,37.23216881699407,0.0,1.2400932621030787,31210.783080603163,-35.7714367701605,1921.6874374031784,10.0,45187200.0,0.02274848698156262,1873.92,1.2400932621030787,99.93247264406895,1393.9226356500553,86.36,0.000499875,1873.92,0.00011124,67557.22934399046,32919.492947343555,100476.72229133401
2026-07-26 00:00:00+00:00,37.23216881699407,0.0,1.2401708047090354,31212.47231889272,-35.7714367701605,1921.6874374031784,10.0,45100800.0,0.022841507195406452,1953.79,1.2401708047090354,100.70292224258135,1393.3212052423435,86.36,0.000499875,1953.79,2.417e-05,70431.8251524178,30064.117530800395,100495.94268321819
2026-07-27 00:00:00+00:00,37.23216881699407,0.0,1.240245981759085,31225.8465774692,-35.7714367701605,1921.6874374031784,10.0,45014400.0,0.022764127800763978,1891.44,1.240245981759085,100.06167927678678,1393.8219696898254,86.36,0.000499875,1891.44,0.00019767,68195.76422171776,32307.84087199638,100503.60509371414
2026-07-28 00:00:00+00:00,37.23216881699407,0.0,1.2403204228322415,31226.269215188182,-35.7714367701605,1921.6874374031784,10.0,44928000.0,0.022699301635828117,1921.13,1.2403204228322415,100.071296306045,1401.8572287285256,86.36,0.000499875,1921.13,6.150000000000004e-06,69276.76275182406,31246.209552009295,100522.97230383336
2026-07-29 00:00:00+00:00,37.23216881699407,0.0,1.2403949030189219,31236.345917920415,-35.7714367701605,1921.6874374031784,10.0,44841600.0,0.02272203946841711,1909.68,1.2403949030189219,100.25937730176938,1401.7104195264676,86.36,0.000499875,1909.68,0.00014751,68865.92865836468,31665.869205759867,100531.79786412454
2026-07-30 00:00:00+00:00,37.23216881699407,0.0,1.2404724369382358,31243.550765177635,-35.7714367701605,1921.6874374031784,10.0,44755200.0,0.02272425339576367,1917.31,1.2404724369382358,100.27744132916202,1401.6924037193717,86.36,0.000499875,1917.31,0.00010505,69145.12163339593,31400.137990460767,100545.25962385669
2026-07-31 00:00:00+00:00,37.23216881699407,0.0,1.2405475911308177,31246.80859103207,-35.7714367701605,1921.6874374031784,10.0,44668800.0,0.022915569695824978,1861.68,1.2405475911308177,101.87329049163122,1400.4468137649133,86.36,0.000499875,1861.68,4.892e-05,67125.24961458535,33393.360843839226,100518.61045842458
2026-08-01 00:00:00+00:00,37.23216881699407,0.0,1.2406229459956426,31256.591076290297,-35.7714367701605,1921.6874374031784,10.0,44582400.0,0.02290177984136843,1844.17,1.2406229459956426,102.78714861793358,1414.709499038941,86.36,0.000499875,1844.17,0.00014829,66499.2992041766,34029.501186942965,100528.80039111956
2026-08-02 00:00:00+00:00,37.23216881699407,0.0,1.2406967867855674,31263.20771033591,-35.7714367701605,1921.6874374031784,10.0,44496000.0,0.02290177985453412,1884.37,1.2406967867855674,102.78659443754242,1414.7018715847885,86.36,0.000499875,1884.37,9.816e-05,67953.0946064954,32598.106062828134,100551.20066932353
2026-08-03 00:00:00+00:00,37.23216881699407,0.0,1.240770244000872,31271.71984032836,-35.7714367701605,1921.6874374031784,10.0,44409600.0,0.022901779866091765,1859.78,1.240770244000872,102.78659443754242,1414.701871810427,86.36,0.000499875,1859.78,0.00012795,67070.50452749118,33486.237822998824,100556.74235049
2026-08-04 00:00:00+00:00,37.23216881699407,0.0,1.2408449703203381,31283.784844222657,-35.7714367701605,1921.6874374031784,10.0,44323200.0,0.02287589759738462,1868.9,1.2408449703203381,102.5673926506471,1414.8730291565646,86.36,0.000499875,1868.9,0.00018047,67405.98375505715,33172.06732354925,100578.0510786064
2026-08-05 00:00:00+00:00,37.23216881699407,0.0,1.2409197448367166,31288.653807268784,-35.7714367701605,1921.6874374031784,10.0,44236800.0,0.022877871310965192,1907.95,1.2409197448367166,102.58409176033095,1414.859994511401,86.36,0.000499875,1907.95,7.134e-05,68818.48590719681,31780.061680720613,100598.54758791742
2026-08-06 00:00:00+00:00,37.23216881699407,0.0,1.240994504985852,31290.265878602928,-35.7714367701605,1921.6874374031784,10.0,44150400.0,0.02287589093210496,1903.12,1.240994504985852,102.56733771200709,1414.8730797772255,86.36,0.000499875,1903.12,2.368e-05,68648.71131151167,31954.44979165464,100603.1611031663
2026-08-07 00:00:00+00:00,37.23216881699407,0.0,1.2410687046181759,31295.853454489472,-35.7714367701605,1921.6874374031784,10.0,44064000.0,0.022875890945514676,1913.07,1.2410687046181759,102.56733771200709,1414.8730797772255,86.36,0.000499875,1913.07,8.165e-05,69011.90076592416,31604.111571678084,100616.01233760224
2026-08-08 00:00:00+00:00,37.23216881699407,0.0,1.2411529574637061,31302.668809311603,-35.7714367701605,1921.6874374031784,10.0,43977600.0,0.019357579950722847,1915.98,1.2411529574637061,76.5891173199953,1435.255010799611,86.36,0.000499875,1915.98,9.944e-05,69454.07826385908,31506.832045499046,100960.91030935812
2026-08-09 00:00:00+00:00,37.23216881699407,0.0,1.2412277844149113,31313.15956155238,-35.7714367701605,1921.6874374031784,10.0,43891200.0,0.01935830591012455,1909.57,1.2412277844149113,76.59376098140135,1435.251368694341,86.36,0.000499875,1909.57,0.00015358,69225.28395874078,31746.617707436555,100971.90166617733
2026-08-10 00:00:00+00:00,37.23216881699407,0.0,1.2412980460559955,31319.648120747705,-35.7714367701605,1921.6874374031784,10.0,43804800.0,0.020415067294467626,1872.31,1.2412980460559955,83.64871882539242,1429.725873171875,86.36,0.000499875,1872.31,9.688e-05,67780.48451598722,33085.95000068806,100866.43451667528
2026-08-11 00:00:00+00:00,37.23216881699407,0.0,1.241372263654273,31328.265074178005,-35.7714367701605,1921.6874374031784,10.0,43718400.0,0.020415067306610357,1881.8,1.241372263654273,83.64871882539242,1429.725873171875,86.36,0.000499875,1881.8,0.00012801,68127.8090485345,32755.096019169538,100882.90506770404
2026-08-12 00:00:00+00:00,37.23216881699407,0.0,1.241446168040354,31343.73352370094,-35.7714367701605,1921.6874374031784,10.0,43632000.0,0.020415067318801272,1878.8,1.241446168040354,83.64871882539242,1429.725873171875,86.36,0.000499875,1878.8,0.00023016,68022.9646671785,32877.87877900295,100900.84344618145
2026-08-13 00:00:00+00:00,37.23216881699407,0.0,1.2415209688066027,31356.99553668854,-35.7714367701605,1921.6874374031784,10.0,43545600.0,0.020416350420487284,1885.39,1.2415209688066027,83.65765068737649,1429.7188779590645,86.36,0.000499875,1885.39,0.00019664,68265.2202733148,32655.40702367519,100920.62729698999
2026-08-14 00:00:00+00:00,37.23216881699407,0.0,1.2415951723400849,31358.81802132289,-35.7714367701605,1921.6874374031784,10.0,43459200.0,0.02041635043277612,1881.39,1.2415951723400849,83.65765068737649,1429.7188779590645,86.36,0.000499875,1881.39,2.708e-05,68124.16241061118,32800.31525539018,100924.47766600136
2026-08-15 00:00:00+00:00,37.23216881699407,0.0,1.2416689169623698,31369.213715284488,-35.7714367701605,1921.6874374031784,10.0,43372800.0,0.02041635044511425,1881.73,1.2416689169623698,83.65765068737649,1429.7188779590645,86.36,0.000499875,1881.73,0.00015444,68140.24658234783,32798.54866084993,100938.79524319776
2026-08-16 00:00:00+00:00,37.23216881699407,0.0,1.2417419646776389,31372.90039436325,-35.7714367701605,1921.6874374031784,10.0,43286400.0,0.020416350457475696,1875.22,1.2417419646776389,83.65765437739373,1429.7189410218837,86.36,0.000499875,1875.22,5.496e-05,67908.26988648139,33035.10739330243,100943.37727978382
2026-08-17 00:00:00+00:00,37.23216881699407,0.0,1.241815866369623,31383.79628368056,-35.7714367701605,1921.6874374031784,10.0,43200000.0,0.02041635046991286,1912.7,1.241815866369623,83.65765437739373,1429.7189410218837,86.36,0.000499875,1912.7,0.00015925,69269.38714274488,31705.28983247413,100974.676975219
2026-08-18 00:00:00+00:00,37.23216881699407,0.0,1.2418881158349855,31391.533188366528,-35.7714367701605,1921.6874374031784,10.0,43113600.0,0.020979140490544168,1917.1,1.2418881158349855,87.68156193089858,1426.8754236471825,86.36,0.000499875,1917.1,0.00011282,69380.26119575855,31555.632415371394,100935.89361112994
2026-08-19 00:00:00+00:00,30.720621068146322,116.48585717328933,1.241962228677912,43560.5760640365,-29.861377576045083,1921.6874374031784,10.0,43027200.0,0.021009612081795304,2252.16,1.241962228677912,87.68211611128973,1423.1060380179244,86.36,0.000499875,2252.16,0.00016235000000000002,67369.08597883898,33692.21009380962,101061.2960726486
2026-08-20 00:00:00+00:00,30.720621068146322,116.48585717328933,1.2420432707619522,43581.41494582345,-29.861377576045083,1921.6874374031784,10.0,42940800.0,0.0210277765533029,2326.18,1.2420432707619522,87.68211611128973,1420.858529864045,86.36,0.000499875,2326.18,0.00030000000000000003,69581.6993925652,31502.70980741772,101084.40919998293
2026-08-21 00:00:00+00:00,30.720621068146322,116.48585717328933,1.2421202669040368,43603.2260319664,-29.861377576045083,1921.6874374031784,10.0,42854400.0,0.020788616119147063,2515.97,1.2421202669040368,85.95808442677513,1422.208497080714,86.36,0.000499875,2515.97,0.00029031,75277.48242023197,25857.130043403067,101134.61246363504
2026-08-22 00:00:00+00:00,30.720621068146322,116.48585717328933,1.2422010925163816,43624.91793386519,-29.861377576045083,1921.6874374031784,10.0,42768000.0,0.020824016858842054,2421.4,1.2422010925163816,86.21353847594433,1422.048794346755,86.36,0.000499875,2421.4,0.00030000000000000003,72453.0149126459,28702.81242266843,101155.82733531433
2026-08-23 00:00:00+00:00,30.720621068146322,116.48585717328933,1.242275473201907,43646.97874322256,-29.861377576045083,1921.6874374031784,10.0,42681600.0,0.02111409483986626,2462.58,1.242275473201907,88.31831803274773,1420.4631098450948,86.36,0.000499875,2462.58,0.00030000000000000003,73659.088844977,27495.18170344427,101154.27054842126
2026-08-24 00:00:00+00:00,30.720621068146322,116.48585717328933,1.24235320982515,43669.20483530481,-29.861377576045083,1921.6874374031784,10.0,42595200.0,0.02111409485310123,2481.03,1.24235320982515,88.31831803274773,1420.4631098450948,86.36,0.000499875,2481.03,0.00030000000000000003,74214.32207680387,26966.46537924848,101180.78745605235
2026-08-25 00:00:00+00:00,30.720621068146322,116.48585717328933,1.2424307606273903,43686.2927547771,-29.861377576045083,1921.6874374031784,10.0,42508800.0,0.02091647474172098,2441.72,1.2424307606273903,86.88231955491398,1421.5977670816935,86.36,0.000499875,2441.72,0.00023436000000000003,73063.50309439146,28157.40405123512,101220.90714562658
2026-08-26 00:00:00+00:00,30.720621068146322,116.48585717328933,1.2425065860718927,43701.7024402776,-29.861377576045083,1921.6874374031784,10.0,42422400.0,0.020636200874744492,2505.66,1.2425065860718927,86.98157305919835,1458.3424216869385,86.36,0.000499875,2505.66,0.00020595,75005.62810748897,26263.47725452329,101269.10536201225
2026-08-27 00:00:00+00:00,30.720621068146322,116.48585717328933,1.242581405650036,43714.67379864118,-29.861377576045083,1921.6874374031784,10.0,42336000.0,0.020591718482835253,2509.74,1.242581405650036,86.66066584551635,1458.593739098237,86.36,0.000499875,2509.74,0.00017308000000000002,75136.15827255328,26154.61419237661,101290.77246492989
2026-08-28 00:00:00+00:00,30.720621068146322,116.48585717328933,1.2426569875800073,43720.186437082644,-29.861377576045083,1921.6874374031784,10.0,42249600.0,0.020591718495951428,2441.9,1.2426569875800073,86.66066584551635,1458.593739098237,86.36,0.000499875,2441.9,7.56e-05,73112.40105265817,28185.922685576963,101298.32373823514
2026-08-29 00:00:00+00:00,30.720621068146322,116.48585717328933,1.2427327281561065,43727.86665051207,-29.861377576045083,1921.6874374031784,10.0,42163200.0,0.020415570100135172,2456.5,1.2427327281561065,86.63111391040364,1480.6019992876072,86.36,0.000499875,2456.5,0.0001047,73569.89015736643,27757.626786396133,101327.51694376257
2026-08-30 00:00:00+00:00,30.720621068146322,116.48585717328933,1.2428068687603688,43735.15122590655,-29.861377576045083,1921.6874374031784,10.0,42076800.0,0.020699270174572737,2415.55,1.2428068687603688,88.69768973944446,1478.9842624744879,86.36,0.000499875,2415.55,0.00010099,72322.63067725154,28987.734773529653,101310.36545078119
2026-08-31 00:00:00+00:00,30.720621068146322,116.48585717328933,1.242883981114755,43745.15932920255,-29.861377576045083,1921.6874374031784,10.0,41990400.0,0.0206917833429352,2466.53,1.242883981114755,88.64255409454294,1479.0274365494924,86.36,0.000499875,2466.53,0.00013588,73851.39472494993,27475.409847998875,101326.80457294881
2026-09-01 00:00:00+00:00,30.720621068146322,116.48585717328933,1.2429593573508955,43756.265558518266,-29.861377576045083,1921.6874374031784,10.0,41904000.0,0.020653198101661108,2417.46,1.2429593573508955,88.64255409454294,1483.9976443578605,86.36,0.000499875,2417.46,0.00015385,72392.17262434335,28951.81387497113,101343.98649931449
2026-09-02 00:00:00+00:00,30.720621068146322,116.48585717328933,1.243033846176032,43763.67073776679,-29.861377576045083,1921.6874374031784,10.0,41817600.0,0.020591011813607896,2390.91,1.243033846176032,88.64255409454294,1492.0424772583146,86.36,0.000499875,2390.91,0.00010371999999999999,71608.1771100762,29752.03862886366,101360.21573893985
2026-09-03 00:00:00+00:00,30.720621068146322,116.48585717328933,1.2431082526578257,43783.24873314596,-29.861377576045083,1921.6874374031784,10.0,41731200.0,0.020641356587673743,2506.42,1.2431082526578257,88.64255409454294,1485.5267484100227,86.36,0.000499875,2506.42,0.00026157999999999997,75061.38730232469,26322.328900433855,101383.71620275854
2026-09-04 00:00:00+00:00,30.720621068146322,116.48585717328933,1.2431846558022928,43795.072246657495,-29.861377576045083,1921.6874374031784,10.0,41644800.0,0.020643838173008966,2454.57,1.2431846558022928,89.76564427344502,1504.0236988993627,86.36,0.000499875,2454.57,0.00016130999999999999,73514.8841866632,27882.46484126332,101397.34902792652
2026-09-05 00:00:00+00:00,30.720621068146322,116.48585717328933,1.2432604370674072,43802.44947880101,-29.861377576045083,1921.6874374031784,10.0,41558400.0,0.020636889513713674,2479.17,1.2432604370674072,89.76564427344502,1504.9324051355131,86.36,0.000499875,2479.17,9.965e-05,74255.30737565154,27155.25218503613,101410.55956068766
2026-09-06 00:00:00+00:00,30.720621068146322,116.48585717328933,1.2433367195527285,43814.46589264005,-29.861377576045083,1921.6874374031784,10.0,41472000.0,0.020604193448786612,2513.47,1.2433367195527285,89.5222645887169,1505.1234014713518,86.36,0.000499875,2513.47,0.0001601,75288.41185884665,26143.02334801683,101431.43520686348
2026-09-07 00:00:00+00:00,30.720621068146322,116.48585717328933,1.243413111421937,43822.32699191359,-29.861377576045083,1921.6874374031784,10.0,41385600.0,0.020604193462465004,2488.92,1.243413111421937,89.5222645887169,1505.1234014713518,86.36,0.000499875,2488.92,0.00010577,74558.33899637028,26883.981266782273,101442.32026315255
2026-09-08 00:00:00+00:00,30.720621068146322,116.48585717328933,1.2434893201252268,43828.977975419,-29.861377576045083,1921.6874374031784,10.0,41299200.0,0.0206042623453071,2483.87,1.2434893201252268,89.52277671996845,1505.1230032135634,86.36,0.000499875,2483.87,8.967e-05,74411.44166958262,27041.432207046713,101452.87387662934
2026-09-09 00:00:00+00:00,30.720621068146322,116.48585717328933,1.2435686932713519,43841.3702587893,-29.861377576045083,1921.6874374031784,10.0,41212800.0,0.020604262359100733,2466.97,1.2435686932713519,89.52277671996845,1505.1230032135634,86.36,0.000499875,2466.97,0.00016822,73910.0695114907,27558.481771452178,101468.55128294288
2026-09-10 00:00:00+00:00,30.720621068146322,116.48585717328933,1.243645751332225,43836.35981215409,-29.861377576045083,1921.6874374031784,10.0,41126400.0,0.020440712910510195,2437.04,1.243645751332225,89.54911087923291,1527.115658320319,86.36,0.000499875,2437.04,-6.884999999999999e-05,73034.09561128118,28447.222355667996,101481.31796694918
