timestamp,PT_amount,PT_cash,PT_py_index_high,HEDGE_collateral,HEDGE_positions_0_amount,HEDGE_positions_0_entry_price,HEDGE_positions_0_max_leverage,BOROS_collateral,BOROS_size,BOROS_entry_rate,BOROS_realized_settlements,BOROS_liquidation_count,PT_seconds_to_expiry,PT_implied_apy,PT_asset_price,PT_sy_exchange_rate,PT_total_pt,PT_total_sy,PT_scalar_root,PT_ln_fee_rate_root,HEDGE_mark_price,HEDGE_funding_rate,BOROS_seconds_to_expiry,BOROS_mark_rate,BOROS_funding_rate,BOROS_funding_period_seconds,BOROS_underlying_price,PT_balance,HEDGE_balance,BOROS_balance,net_balance
2026-05-12 00:00:00+00:00,27.312128543496236,0.0,1.0,29979.08683480215,-26.280513263113548,2273.62,10.0,9981.419614481756,-26.280513263113548,0.0199305317288916,0.0,0,51580800.0,0.023819714388773727,2273.62,1.0,107.13253805144616,1290.7964741357332,86.36,0.000499875,2273.62,8.61e-05,19612800.0,0.0199305317288916,8.61e-05,86400.0,2273.62,59751.900565280215,29979.08683480215,9981.419614481756,99712.40701456412
2026-05-13 00:00:00+00:00,27.312128543496236,0.0,1.0,29983.188863289466,-26.280513263113548,2273.62,10.0,9980.39466923757,-26.280513263113548,0.0199305317288916,-1.0249452441860911,0,51494400.0,0.023819714388773727,2257.54,1.0,107.13253805144616,1290.7964741357332,86.36,0.000499875,2257.54,6.914e-05,19526400.0,0.019894823247636036,6.914e-05,86400.0,2257.54,59333.136442827185,30405.77951656033,9981.706434877306,99720.62239426482
2026-05-14 00:00:00+00:00,27.312128543496236,0.0,1.0,29992.43321065557,-26.280513263113548,2273.62,10.0,9974.260826485255,-26.280513263113548,0.0199305317288916,-7.1587879965006955,0,51408000.0,0.023819714388773727,2282.06,1.0,107.13253805144616,1290.7964741357332,86.36,0.000499875,2282.06,0.00015413999999999998,19440000.0,0.019332039850084196,0.00015413999999999998,86400.0,2282.06,59981.444531146095,29770.625678714892,9996.387127522472,99748.45733738346
2026-05-15 00:00:00+00:00,27.312128543496236,0.0,1.0,29993.071363728828,-26.280513263113548,2273.62,10.0,9976.653577371359,-26.280513263113548,0.0199305317288916,-4.766037110397694,0,51321600.0,0.023819714388773727,2223.66,1.0,108.69481051888651,1289.7847214289502,86.36,0.000499875,2223.66,1.092e-05,19353600.0,0.017611601421535904,1.092e-05,86400.0,2223.66,58450.23416458263,31306.04580635398,10059.819436300106,99816.09940723672
2026-05-16 00:00:00+00:00,27.312128543496236,0.0,1.0,30003.421753748506,-26.280513263113548,2273.62,10.0,9969.274118215242,-26.280513263113548,0.0199305317288916,-12.145496266513709,0,51235200.0,0.023819714388773727,2179.66,1.0,108.69481051888651,1289.7847214289502,86.36,0.000499875,2179.66,0.00018069,19267200.0,0.017611601421535904,0.00018069,86400.0,2179.66,57297.36306564195,32472.738779950654,10050.43042821164,99820.53227380425
2026-05-17 00:00:00+00:00,27.312128543496236,0.0,1.0,30013.13721987094,-26.280513263113548,2273.62,10.0,9962.461731576615,-26.280513263113548,0.0199305317288916,-18.95788290513969,0,51148800.0,0.023819714388773727,2129.88,1.0,108.69481051888651,1289.7847214289502,86.36,0.000499875,2129.88,0.00017357,19180800.0,0.017611601421535904,0.00017357,86400.0,2129.88,55992.39265285051,33790.69819631088,10041.408941265672,99824.49979042706
2026-05-18 00:00:00+00:00,27.312128543496236,0.0,1.0,30017.46558535768,-26.280513263113548,2273.62,10.0,9961.035232481518,-26.280513263113548,0.0199305317288916,-20.384382000238073,0,51062400.0,0.023819714388773727,2128.99,1.0,108.69481051888651,1289.7847214289502,86.36,0.000499875,2128.99,7.736e-05,19094400.0,0.017397365611292764,7.736e-05,86400.0,2128.99,55972.60525473291,33818.41621860179,10046.851682306125,99837.87315564082
2026-05-19 00:00:00+00:00,27.312128543496236,0.0,1.0,30028.159001372005,-26.280513263113548,2273.62,10.0,9953.219162040805,-26.280513263113548,0.0199305317288916,-28.200452440950794,0,50976000.0,0.023819714388773727,2111.0,1.0,108.69481051888651,1289.7847214289502,86.36,0.000499875,2111.0,0.00019275,19008000.0,0.017755056725720846,0.00019275,86400.0,2111.0,55503.21536367573,34301.896068219525,10025.964638042957,99831.07606993822
2026-05-20 00:00:00+00:00,27.312128543496236,0.0,1.0,30035.914620093743,-26.280513263113548,2273.62,10.0,9948.364878130998,-26.280513263113548,0.0199305317288916,-33.05473635075721,0,50889600.0,0.02449306755884506,2128.6,1.0,107.72350300904466,1290.5413201425763,86.36,0.000499875,2128.6,0.00013864,18921600.0,0.017515574844934413,0.00013864,86400.0,2128.6,55910.22087301707,33847.11465351047,10029.421506036686,99786.75703256423
2026-05-21 00:00:00+00:00,27.312128543496236,0.0,1.0,30042.772965768283,-26.280513263113548,2273.62,10.0,9944.413564712491,-26.280513263113548,0.0199305317288916,-37.00604976926368,0,50803200.0,0.024493067569651972,2132.78,1.0,107.72350300904466,1290.5413201425763,86.36,0.000499875,2132.78,0.00012236000000000001,18835200.0,0.01749486906631998,0.00012236000000000001,86400.0,2132.78,56023.727571443625,33744.120453745185,10025.951680267612,99793.79970545642
2026-05-22 00:00:00+00:00,27.312128543496236,0.0,1.0,30050.349966448186,-26.280513263113548,2273.62,10.0,9939.651183200089,-26.280513263113548,0.0199305317288916,-41.76843128166651,0,50716800.0,0.024493067580495742,2064.98,1.0,107.72350300904466,1290.5413201425763,86.36,0.000499875,2064.98,0.00013962,18748800.0,0.019690869777807575,0.00013962,86400.0,2064.98,54246.35772036759,35533.516253664195,9947.383607064658,99727.25758109643
2026-05-23 00:00:00+00:00,27.312128543496236,0.0,1.0,30059.554690915713,-26.280513263113548,2273.62,10.0,9933.331737111117,-26.280513263113548,0.0199305317288916,-48.08787737063891,0,50630400.0,0.024493067591376372,2116.82,1.0,107.72350300904466,1290.5413201425763,86.36,0.000499875,2116.82,0.00016546,18662400.0,0.020125451193332734,0.00016546,86400.0,2116.82,55611.86448182056,34180.33917057191,9926.914710074423,99719.11836246689
2026-05-24 00:00:00+00:00,27.312128543496236,0.0,1.0,30070.72731066026,-26.280513263113548,2273.62,10.0,9925.020093011077,-26.280513263113548,0.0199305317288916,-56.39952147067823,0,50544000.0,0.024493067602294527,2098.99,1.0,107.72350300904466,1290.5413201425763,86.36,0.000499875,2098.99,0.00020254,18576000.0,0.026047670194910773,0.00020254,86400.0,2098.99,55147.10097908386,34660.09334179778,9726.255914094332,99533.45023497597
2026-05-25 00:00:00+00:00,27.312128543496236,0.0,1.0,30078.56098246434,-26.280513263113548,2273.62,10.0,9920.064639116546,-26.280513263113548,0.0199305317288916,-61.354975365209285,0,50457600.0,0.024493067613249986,2111.64,1.0,107.72350300904466,1290.5413201425763,86.36,0.000499875,2111.64,0.00014116,18489600.0,0.02669834024981546,0.00014116,86400.0,2111.64,55483.134627422354,34335.478520823475,9699.861911265592,99518.47505951142
2026-05-26 00:00:00+00:00,27.312128543496236,0.0,1.0,30084.367924782706,-26.280513263113548,2273.62,10.0,9917.083233795165,-26.280513263113548,0.0199305317288916,-64.33638068659062,0,50371200.0,0.02449727480595909,2072.99,1.0,107.7749879224768,1290.6822572596907,86.36,0.000499875,2072.99,0.00010659,18403200.0,0.02690486143122901,0.00010659,86400.0,2072.99,54470.86344900298,35357.02730076118,9695.355374980629,99523.2461247448
2026-05-27 00:00:00+00:00,27.312128543496236,0.0,1.0,30093.153900881585,-26.280513263113548,2273.62,10.0,9911.055611195723,-26.280513263113548,0.0199305317288916,-70.36400328603298,0,50284800.0,0.02447164945395408,2023.7,1.0,107.54802795436309,1290.8590466756223,86.36,0.000499875,2023.7,0.0001652,18316800.0,0.028385936624747744,0.0001652,86400.0,2023.7,53181.34320608698,36661.17977559892,9649.865109220087,99492.388090906
2026-05-28 00:00:00+00:00,27.312128543496236,0.0,1.0,30097.35008314462,-26.280513263113548,2273.62,10.0,9909.597636924036,-26.280513263113548,0.0199305317288916,-71.82197755772071,0,50198400.0,0.02568641725962162,2008.92,1.0,118.81849252541379,1282.1096087721032,86.36,0.000499875,2008.92,7.947999999999999e-05,18230400.0,0.028803500768295798,7.947999999999999e-05,86400.0,2008.92,52696.93476190172,37053.80194389077,9638.793657321567,99389.53036311406
2026-05-29 00:00:00+00:00,27.312128543496236,0.0,1.0,30109.090169166037,-26.280513263113548,2273.62,10.0,9900.601797094298,-26.280513263113548,0.0199305317288916,-80.81781738745961,0,50112000.0,0.02568641727127674,2013.35,1.0,118.81849252541379,1282.1096087721032,86.36,0.000499875,2013.35,0.00022188,18144000.0,0.03143275877460312,0.00022188,86400.0,2013.35,52816.810049372885,36949.119356156596,9550.445865090516,99316.37527062
2026-05-30 00:00:00+00:00,27.312128543496236,0.0,1.0,30118.168177865653,-26.280513263113548,2273.62,10.0,9894.279252281322,-26.280513263113548,0.0199305317288916,-87.14036220043654,0,50025600.0,0.025686417282972274,2021.58,1.0,118.81849252541379,1282.1096087721032,86.36,0.000499875,2021.58,0.00017087,18057600.0,0.03143275877460312,0.00017087,86400.0,2021.58,53036.39520052906,36741.90874070079,9544.366207887831,99322.67014911768
2026-05-31 00:00:00+00:00,27.312128543496236,0.0,1.0,30127.82457437695,-26.280513263113548,2273.62,10.0,9887.35750626637,-26.280513263113548,0.0199305317288916,-94.06210821538788,0,49939200.0,0.02568641729470822,2006.31,1.0,118.81849252541379,1282.1096087721032,86.36,0.000499875,2006.31,0.00018313999999999998,17971200.0,0.03143275877460312,0.00018313999999999998,86400.0,2006.31,52639.44243746131,37152.868574739834,9541.749108106918,99334.06012030806
2026-06-01 00:00:00+00:00,27.312128543496236,0.0,1.0,30139.083182000366,-26.280513263113548,2273.62,10.0,9878.833126601581,-26.280513263113548,0.0199305317288916,-102.58648788017656,0,49852800.0,0.025686417306485243,2006.0,1.0,118.81849252541379,1282.1096087721032,86.36,0.000499875,2006.0,0.00021356,17884800.0,0.03143275877460312,0.00021356,86400.0,2006.0,52634.96620313983,37172.27414147481,9534.939451366834,99342.17979598147
2026-06-02 00:00:00+00:00,36.59642198407817,0.0,1.0,13523.956113029924,-35.16063223316826,2168.8940636828106,10.0,9868.811837228017,-26.280513263113548,0.0199305317288916,-112.60777725374093,0,49766400.0,0.0256864173183029,1858.96,1.0,118.81849252541379,1282.1096087721032,86.36,0.000499875,1858.96,0.00025699,17798400.0,0.0312268300339757,0.00025699,86400.0,1858.96,65362.208896170465,24421.43374271258,9557.34314733577,99340.98578621881
2026-06-03 00:00:00+00:00,36.59642198407817,0.0,1.0,13536.21978299879,-35.16063223316826,2168.8940636828106,10.0,9862.115890318595,-26.280513263113548,0.0199305317288916,-119.30372416316193,0,49680000.0,0.02649337236641025,1812.46,1.0,120.03599297836456,1206.7978476037788,86.36,0.000499875,1812.46,0.00019244,17712000.0,0.031381396574563174,0.00019244,86400.0,1812.46,63652.7589848833,26068.66681152377,9555.777406280115,99277.20320268719
2026-06-04 00:00:00+00:00,36.59642198407817,0.0,1.0,13546.225647672347,-35.16063223316826,2168.8940636828106,10.0,9857.049455768562,-26.280513263113548,0.0199305317288916,-124.37015871319463,0,49593600.0,0.025812446641574338,1769.86,1.0,113.55377148116696,1211.8382929295014,86.36,0.000499875,1769.86,0.00016079,17625600.0,0.031381396574563174,0.00016079,86400.0,1769.86,62226.020799846,27576.515609330294,9559.370352634753,99361.90676181106
2026-06-05 00:00:00+00:00,36.59642198407817,0.0,1.0,13542.973142184175,-35.16063223316826,2168.8940636828106,10.0,9861.637295582019,-26.280513263113548,0.0199305317288916,-119.78231889973718,0,49507200.0,0.025936241370653423,1582.35,1.0,112.33738283239028,1185.923050930285,86.36,0.000499875,1582.35,-5.846e-05,17539200.0,0.03138187454744776,-5.846e-05,86400.0,1582.35,55626.75397208985,34166.2332538835,9596.789730834318,99389.77695680768
2026-06-06 00:00:00+00:00,36.59642198407817,0.0,1.0,13534.954452207226,-35.16063223316826,2168.8940636828106,10.0,9869.76883755664,-26.280513263113548,0.0199305317288916,-111.65077692511578,0,49420800.0,0.02456295654736551,1568.6,1.0,100.38718967957142,1195.2304941601176,86.36,0.000499875,1568.6,-0.00014539000000000002,17452800.0,0.030650662080871558,-0.00014539000000000002,86400.0,1568.6,55263.129366974776,34641.67325711262,9625.198025983684,99530.00065007109
2026-06-07 00:00:00+00:00,36.59642198407817,0.0,1.0,13525.246343547511,-35.16063223316826,2168.8940636828106,10.0,9879.328128843626,-26.280513263113548,0.0199305317288916,-102.09148563812836,0,49334400.0,0.025807541408770174,1689.66,1.0,113.14262112391258,1207.9791785624607,86.36,0.000499875,1689.66,-0.00016341,17366400.0,0.030650662080871558,-0.00016341,86400.0,1689.66,59419.18040658948,30375.419010305548,9617.186239645735,99411.78565654076
2026-06-08 00:00:00+00:00,36.59642198407817,0.0,1.0,13513.754258164743,-35.16063223316826,2168.8940636828106,10.0,9890.220224883744,-26.280513263113548,0.0199305317288916,-91.19938959801031,0,49248000.0,0.026138620908421117,1689.21,1.0,117.01258031407191,1213.5795011280886,86.36,0.000499875,1689.21,-0.00019349,17280000.0,0.029298241735141162,-0.00019349,86400.0,1689.21,59377.57231952564,30379.749209427708,9662.349750889667,99419.67127984302
2026-06-09 00:00:00+00:00,36.59642198407817,0.0,1.0,13508.193198676528,-35.16063223316826,2168.8940636828106,10.0,9896.610298273881,-26.280513263113548,0.0199305317288916,-84.80931620787213,0,49161600.0,0.026073383889383184,1638.64,1.0,117.14489577192515,1221.9161473658482,86.36,0.000499875,1638.64,-9.652e-05,17193600.0,0.029298241735141162,-9.652e-05,86400.0,1638.64,57609.7632252802,32152.261321970807,9676.666842375487,99438.69138962649
2026-06-10 00:00:00+00:00,36.59642198407817,0.0,1.0,13501.475743236306,-35.16063223316826,2168.8940636828106,10.0,9903.840284502634,-26.280513263113548,0.0199305317288916,-77.57932997912022,0,49075200.0,0.02607338390172198,1620.72,1.0,117.14489577192515,1221.9161473658482,86.36,0.000499875,1620.72,-0.00011788,17107200.0,0.028184646355761366,-0.00011788,86400.0,1620.72,56983.76699679743,32775.62239614897,9713.125370777028,99472.51476372342
2026-06-11 00:00:00+00:00,36.59642198407817,0.0,1.0,13498.322425104066,-35.16063223316826,2168.8940636828106,10.0,9908.476959683752,-26.280513263113548,0.0199305317288916,-72.94265479800151,0,48988800.0,0.026073383914104298,1672.57,1.0,117.14489577192515,1221.9161473658482,86.36,0.000499875,1672.57,-5.3620000000000005e-05,17020800.0,0.02707043712768075,-5.3620000000000005e-05,86400.0,1672.57,58810.93617456089,30949.390296726953,9739.088443026452,99499.4149143143
2026-06-12 00:00:00+00:00,36.59642198407817,0.0,1.0,13492.188920903778,-35.16063223316826,2168.8940636828106,10.0,9915.331485556957,-26.280513263113548,0.0199305317288916,-66.08812892479601,0,48902400.0,0.02607338392653058,1665.48,1.0,117.14489577192515,1221.9161473658482,86.36,0.000499875,1665.48,-0.00010474,16934400.0,0.02707043712768075,-0.00010474,86400.0,1665.48,58565.7672940004,31192.545675059824,9747.517199703874,99505.83016876409
2026-06-13 00:00:00+00:00,36.59642198407817,0.0,1.0,13495.49468625849,-35.16063223316826,2168.8940636828106,10.0,9915.151060250382,-26.280513263113548,0.0199305317288916,-66.26855423137108,0,48816000.0,0.026073383939000827,1680.41,1.0,117.14489577192515,1221.9161473658482,86.36,0.000499875,1680.41,5.5950000000000005e-05,16848000.0,0.02707043712768075,5.5950000000000005e-05,86400.0,1680.41,59094.94038275253,30670.903201173336,9746.696293524972,99512.53987745084
2026-06-14 00:00:00+00:00,36.59642198407817,0.0,1.0,13493.285463632326,-35.16063223316826,2168.8940636828106,10.0,9919.153188344928,-26.280513263113548,0.0199305317288916,-62.26642613682488,0,48729600.0,0.02607338395151526,1724.74,1.0,117.14489577192515,1221.9161473658482,86.36,0.000499875,1724.74,-3.643e-05,16761600.0,0.02707043712768075,-3.643e-05,86400.0,1724.74,60658.16986184122,29110.023151650825,9747.141166168334,99515.33417966038
2026-06-15 00:00:00+00:00,36.59642198407817,0.0,1.0,13498.992680046134,-35.16063223316826,2168.8940636828106,10.0,9917.334226130622,-26.280513263113548,0.0199305317288916,-64.08538835113004,0,48643200.0,0.026073383964074548,1795.16,1.0,117.14489577192515,1221.9161473658482,86.36,0.000499875,1795.16,9.042e-05,16675200.0,0.02618289081707106,9.042e-05,86400.0,1795.16,63139.255378271766,26639.71864620492,9761.362685242126,99540.33670971882
2026-06-16 00:00:00+00:00,36.59642198407817,0.0,1.0,13501.550625492275,-35.16063223316826,2168.8940636828106,10.0,9917.86528852354,-26.280513263113548,0.0199305317288916,-63.554325958211194,0,48556800.0,0.02591598886953106,1792.32,1.0,117.14489442772792,1238.8743022799263,86.36,0.000499875,1792.32,4.059e-05,16588800.0,0.02500504200059899,4.059e-05,86400.0,1792.32,63058.705714729505,26742.132787193266,9792.131531158244,99592.97003308102
2026-06-17 00:00:00+00:00,36.59642198407817,0.0,1.0,13504.40495099014,-35.16063223316826,2168.8940636828106,10.0,9918.116541241627,-26.280513263113548,0.0199305317288916,-63.303073240125606,0,48470400.0,0.02591598888210278,1749.56,1.0,117.14489442772792,1238.8743022799263,86.36,0.000499875,1749.56,4.64e-05,16502400.0,0.02500504200059899,4.64e-05,86400.0,1749.56,61558.60729551851,28248.455746981403,9796.021697761349,99603.08474026126
2026-06-18 00:00:00+00:00,36.59642198407817,0.0,1.0,13507.186611514244,-35.16063223316826,2168.8940636828106,10.0,9918.368430850924,-26.280513263113548,0.0199305317288916,-63.05118363082825,0,48384000.0,0.02590481571694747,1710.18,1.0,117.14489440671375,1240.086763010323,86.36,0.000499875,1710.18,4.626e-05,16416000.0,0.02500504200059899,4.626e-05,86400.0,1710.18,60178.238079203744,29635.863104847667,9799.646612834544,99613.74779688596
2026-06-19 00:00:00+00:00,36.59642198407817,0.0,1.0,13509.866854355612,-35.16063223316826,2168.8940636828106,10.0,9918.696301431348,-26.280513263113548,0.0199305317288916,-62.72331305040399,0,48297600.0,0.025904815729603792,1710.31,1.0,117.14489440671375,1240.086763010323,86.36,0.000499875,1710.31,4.457e-05,16329600.0,0.02500504200059899,4.457e-05,86400.0,1710.31,60187.02961213694,29633.97246549873,9800.590357901761,99621.59243553743
2026-06-20 00:00:00+00:00,36.59642198407817,0.0,1.0,13515.302041143226,-35.16063223316826,2168.8940636828106,10.0,9917.005480976319,-26.280513263113548,0.0199305317288916,-64.41413350543364,0,48211200.0,0.025904815742305187,1740.0,1.0,117.14489440671375,1240.086763010323,86.36,0.000499875,1740.0,8.884e-05,16243200.0,0.02500504200059899,8.884e-05,86400.0,1740.0,61236.13247005933,28595.488481283577,9797.485033114819,99629.10598445772
2026-06-21 00:00:00+00:00,36.59642198407817,0.0,1.0,13519.05232474172,-35.16063223316826,2168.8940636828106,10.0,9916.528106662636,-26.280513263113548,0.0199305317288916,-64.89150781911577,0,48124800.0,0.025904815755061428,1706.31,1.0,117.14489440671375,1240.086763010323,86.36,0.000499875,1706.31,6.251e-05,16156800.0,0.02500504200059899,6.251e-05,86400.0,1706.31,60054.68203761925,29783.800464817512,9799.945259640032,99638.4277620768
2026-06-22 00:00:00+00:00,36.59642198407817,0.0,1.0,13523.066819883801,-35.16063223316826,2168.8940636828106,10.0,9915.881886848036,-26.280513263113548,0.0199305317288916,-65.53772763371573,0,48038400.0,0.02625523125283369,1727.32,1.0,120.56814918433898,1237.7717003335888,86.36,0.000499875,1727.32,6.610000000000001e-05,16070400.0,0.02469949092588475,6.610000000000001e-05,86400.0,1727.32,60766.7823517205,29049.09007674073,9805.562883204997,99621.43531166624
2026-06-23 00:00:00+00:00,36.59642198407817,0.0,1.0,13522.393601508713,-35.16063223316826,2168.8940636828106,10.0,9918.656422854558,-26.280513263113548,0.0199305317288916,-62.76319162719464,0,47952000.0,0.02625478387284441,1666.4,1.0,120.56814918433898,1237.8201738899497,86.36,0.000499875,1666.4,-1.149e-05,15984000.0,0.02469949092588475,-1.149e-05,86400.0,1666.4,58627.83010041053,31190.402574010244,9812.800400637374,99631.03307505816
2026-06-24 00:00:00+00:00,36.59642198407817,0.0,1.0,13526.289963663266,-35.16063223316826,2168.8940636828106,10.0,9917.954319754766,-26.280513263113548,0.0199305317288916,-63.46529472698544,0,47865600.0,0.026246744952783008,1621.54,1.0,120.56814918433898,1238.6914753851627,86.36,0.000499875,1621.54,6.834e-05,15897600.0,0.02475067229694104,6.834e-05,86400.0,1621.54,57054.28006470865,32771.60489814473,9814.405257263099,99640.29022011648
2026-06-25 00:00:00+00:00,36.59642198407817,0.0,1.0,13524.465746496735,-35.16063223316826,2168.8940636828106,10.0,9921.453634378513,-26.280513263113548,0.0199305317288916,-59.965980103238486,0,47779200.0,0.02514449929462992,1566.97,1.0,113.29831229276539,1281.8569500791662,86.36,0.000499875,1566.97,-3.311e-05,15811200.0,0.02480196343672606,-3.311e-05,86400.0,1566.97,55227.98077773486,34688.49638194218,9820.874158409062,99737.3513180861
2026-06-26 00:00:00+00:00,36.59642198407817,0.0,1.0,13522.739808645227,-35.16063223316826,2168.8940636828106,10.0,9924.894334311635,-26.280513263113548,0.0199305317288916,-56.52528017011691,0,47692800.0,0.025135461574251172,1577.86,1.0,113.21454403271959,1281.9221356831708,86.36,0.000499875,1577.86,-3.1110000000000005e-05,15724800.0,0.02480196343672606,-3.1110000000000005e-05,86400.0,1577.86,55616.325000610224,34303.87115907148,9824.169293612418,99744.36545329413
2026-06-27 00:00:00+00:00,36.59642198407817,0.0,1.0,13524.387529012189,-35.16063223316826,2168.8940636828106,10.0,9925.806934320472,-26.280513263113548,0.0199305317288916,-55.612680161280096,0,47606400.0,0.02499226758161277,1573.1,1.0,112.17976987411767,1286.2124794923657,86.36,0.000499875,1573.1,2.979e-05,15638400.0,0.02480196343672606,2.979e-05,86400.0,1573.1,55464.01107003452,34472.88348886833,9825.937520023235,99762.83207892608
2026-06-28 00:00:00+00:00,36.59642198407817,0.0,1.0,13520.845484472575,-35.16063223316826,2168.8940636828106,10.0,9930.595853586627,-26.280513263113548,0.0199305317288916,-50.82376089512545,0,47520000.0,0.024992267594229567,1571.1,1.0,112.17976987411767,1286.2124794923657,86.36,0.000499875,1571.1,-6.412e-05,15552000.0,0.02480196343672606,-6.412e-05,86400.0,1571.1,55397.241919179265,34539.66270879505,9831.404473985207,99768.30910195953
2026-06-29 00:00:00+00:00,36.59642198407817,0.0,1.0,13522.078343168552,-35.16063223316826,2168.8940636828106,10.0,9931.871723628172,-26.280513263113548,0.0199305317288916,-49.54789085357966,0,47433600.0,0.025350331093671574,1612.12,1.0,115.51458922330518,1283.618705968772,86.36,0.000499875,1612.12,2.175e-05,15465600.0,0.02480196343672606,2.175e-05,86400.0,1612.12,56817.60170185533,33098.60643328646,9830.655997802443,99746.86413294423
2026-06-30 00:00:00+00:00,36.59642198407817,0.0,1.0,13528.772350577352,-35.16063223316826,2168.8940636828106,10.0,9929.01029789979,-26.280513263113548,0.0199305317288916,-52.409316581962635,0,47347200.0,0.02468455834774308,1571.47,1.0,109.36521227149578,1288.1324385167143,86.36,0.000499875,1571.47,0.00012114999999999999,15379200.0,0.02480196343672606,0.00012114999999999999,86400.0,1571.47,55442.770850246045,34534.58014097355,9830.897944347787,99808.24893556739
2026-07-01 00:00:00+00:00,36.59642198407817,0.0,1.0,13536.441960192886,-35.16063223316826,2168.8940636828106,10.0,9925.470643793577,-26.280513263113548,0.0199305317288916,-55.948970688175294,0,47260800.0,0.021600371576583788,1608.87,1.0,84.94257748457957,1309.8170656316108,86.36,0.000499875,1608.87,0.00013558,15292800.0,0.02480196343672606,0.00013558,86400.0,1608.87,57023.08781288985,33227.242105068595,9825.587588831439,100075.91750678988
2026-07-02 00:00:00+00:00,36.59642198407817,0.0,1.0,13544.989604787315,-35.16063223316826,2168.8940636828106,10.0,9921.398786123538,-26.280513263113548,0.0199305317288916,-60.020828358214295,0,47174400.0,0.02289147399514313,1699.9,1.0,94.64614562461396,1303.862990970452,86.36,0.000499875,1699.9,0.00014301,15206400.0,0.02480196343672606,0.00014301,86400.0,1699.9,60139.256966026645,30035.11739747771,9816.460579317041,99990.83494282138
2026-07-03 00:00:00+00:00,36.59642198407817,0.0,1.0,13559.249881011101,-35.16063223316826,2168.8940636828106,10.0,9913.135458457258,-26.280513263113548,0.0199305317288916,-68.2841560244938,0,47088000.0,0.022887929224954195,1757.41,1.0,94.64614562461396,1304.2666835597279,86.36,0.000499875,1757.41,0.00023078,15120000.0,0.02480196343672606,0.00023078,86400.0,1757.41,62178.02954729687,28027.28971397199,9805.263456447226,100010.58271771608
2026-07-04 00:00:00+00:00,36.59642198407817,0.0,1.0,13573.36691232692,-35.16063223316826,2168.8940636828106,10.0,9905.009906921041,-26.280513263113548,0.0199305317288916,-76.40970756071155,0,47001600.0,0.02288792923807903,1779.94,1.0,94.64614562416838,1304.266683859181,86.36,0.000499875,1779.94,0.00022557,15033600.0,0.025621903262332157,0.00022557,86400.0,1779.94,62979.05658769985,27249.237701074526,9778.095031764758,100006.38932053914
2026-07-05 00:00:00+00:00,36.59642198407817,0.0,1.0,13585.121389789005,-35.16063223316826,2168.8940636828106,10.0,9898.65721833529,-26.280513263113548,0.0199305317288916,-82.76239614646416,0,46915200.0,0.022940090320279216,1785.07,1.0,94.64614562416838,1298.3395483798886,86.36,0.000499875,1785.07,0.00018728,14947200.0,0.025621903262332157,0.00018728,86400.0,1785.07,63159.694333324456,27080.618135180463,9772.10805736727,100012.42052587218
2026-07-06 00:00:00+00:00,36.59642198407817,0.0,1.0,13597.754615554828,-35.16063223316826,2168.8940636828106,10.0,9891.66648571304,-26.280513263113548,0.0199305317288916,-89.75312876871334,0,46828800.0,0.022863813722746817,1798.84,1.0,94.68647892125826,1307.572311799531,86.36,0.000499875,1798.84,0.00019973999999999998,14860800.0,0.025621903262332157,0.00019973999999999998,86400.0,1798.84,63657.91069008076,26609.08945509556,9764.878267446564,100031.87841262289
2026-07-07 00:00:00+00:00,36.59642198407817,0.0,1.0,13607.080222902172,-35.16063223316826,2168.8940636828106,10.0,9887.109607722376,-26.280513263113548,0.0199305317288916,-94.31000675937707,0,46742400.0,0.0228638136775694,1770.67,1.0,94.68647892125826,1307.5723332524067,86.36,0.000499875,1770.67,0.00014979,14774400.0,0.025621903262332157,0.00014979,86400.0,1770.67,62664.90299656118,27608.89007245125,9763.032501737016,100036.82557074945
2026-07-08 00:00:00+00:00,36.59642198407817,0.0,1.0,13612.619368146612,-35.16063223316826,2168.8940636828106,10.0,9885.34473731638,-26.280513263113548,0.0199305317288916,-96.07487716537308,0,46656000.0,0.022863813689522727,1742.68,1.0,94.68647892125826,1307.5723332524067,86.36,0.000499875,1742.68,9.04e-05,14688000.0,0.025621903262332157,9.04e-05,86400.0,1742.68,61678.14273069871,28598.575313902067,9763.943116751778,100040.66116135255
2026-07-09 00:00:00+00:00,36.59642198407817,0.0,1.0,13621.989815784953,-35.16063223316826,2168.8940636828106,10.0,9880.718332716477,-26.280513263113548,0.0199305317288916,-100.70128176527588,0,46569600.0,0.0228531637722178,1744.25,1.0,94.68647888442118,1308.788572172354,86.36,0.000499875,1744.25,0.00015279,14601600.0,0.025621903262332157,0.00015279,86400.0,1744.25,61738.482118659966,28552.74356893434,9759.92211061233,100051.14779820663
2026-07-10 00:00:00+00:00,36.59642198407817,0.0,1.0,13628.683668117785,-35.16063223316826,2168.8940636828106,10.0,9878.163103770874,-26.280513263113548,0.0199305317288916,-103.25651071087817,0,46483200.0,0.022853163784254837,1796.03,1.0,94.68647888442118,1308.788572172354,86.36,0.000499875,1796.03,0.000106,14515200.0,0.027726303253860562,0.000106,86400.0,1796.03,63575.19319007968,26738.81988423372,9708.798383468713,100022.81145778211
2026-07-11 00:00:00+00:00,36.59642198407817,0.0,1.0,13637.187814790866,-35.16063223316826,2168.8940636828106,10.0,9874.242068811121,-26.280513263113548,0.0199305317288916,-107.17754567062985,0,46396800.0,0.023083951916653467,1786.7,1.0,96.50837167637866,1307.3679040969305,86.36,0.000499875,1786.7,0.00013537,14428800.0,0.027726303253860562,0.00013537,86400.0,1786.7,63227.858736343725,27075.37272964226,9706.76004913384,100009.99151511982
2026-07-12 00:00:00+00:00,36.59642198407817,0.0,1.0,13640.14551851074,-35.16063223316826,2168.8940636828106,10.0,9874.49287244666,-26.280513263113548,0.0199305317288916,-106.92674203508962,0,46310400.0,0.02448762399642823,1805.92,1.0,108.32424889757014,1298.1648057027248,86.36,0.000499875,1805.92,4.658e-05,14342400.0,0.027929927639554885,4.658e-05,86400.0,1805.92,63783.46279152019,26402.54308184064,9701.827692424087,99887.83356578492
2026-07-13 00:00:00+00:00,36.59642198407817,0.0,1.0,13643.117289521388,-35.16063223316826,2168.8940636828106,10.0,9874.692379901115,-26.280513263113548,0.0199305317288916,-106.7272345806366,0,46224000.0,0.02449408230958272,1776.0,1.0,108.38163788250709,1298.1201139252244,86.36,0.000499875,1776.0,4.759e-05,14256000.0,0.027158473142987957,4.759e-05,86400.0,1776.0,62730.29352773878,27457.52096926768,9722.187932919003,99910.00242992546
2026-07-14 00:00:00+00:00,36.59642198407817,0.0,1.0,13650.225388530585,-35.16063223316826,2168.8940636828106,10.0,9871.957135865217,-26.280513263113548,0.0199305317288916,-109.46247861653451,0,46137600.0,0.023756183468608638,1891.12,1.0,108.3815179025071,1384.5138431429866,86.36,0.000499875,1891.12,0.0001069,14169600.0,0.027158473142987957,0.0001069,86400.0,1891.12,66871.34212610518,23416.937085594553,9710.551558458048,99998.83077015777
2026-07-15 00:00:00+00:00,36.59642198407817,0.0,1.0,13662.071571672375,-35.16063223316826,2168.8940636828106,10.0,9865.715603858438,-26.280513263113548,0.0199305317288916,-115.70401062331342,0,46051200.0,0.023710963658702955,1916.91,1.0,107.97897260923041,1384.8277646585227,86.36,0.000499875,1916.91,0.00017576,14083200.0,0.027158473142987957,0.00017576,86400.0,1916.91,67792.02765382684,22521.990563442927,9703.106472638434,100017.1246899082
2026-07-16 00:00:00+00:00,36.59642198407817,0.0,1.0,13671.216272721744,-35.16063223316826,2168.8940636828106,10.0,9861.42078582759,-26.280513263113548,0.0199305317288916,-119.99882865416166,0,45964800.0,0.023710963671480734,1863.73,1.0,108.17866519226352,1387.3888173032947,86.36,0.000499875,1863.73,0.00013955,13996800.0,0.027158473142987957,0.00013955,86400.0,1863.73,65915.53479131043,24400.977686652186,9704.292774969743,100020.80525293236
2026-07-17 00:00:00+00:00,36.59642198407817,0.0,1.0,13680.348880092337,-35.16063223316826,2168.8940636828106,10.0,9857.10413459922,-26.280513263113548,0.0199305317288916,-124.31547988253162,0,45878400.0,0.023390403330727283,1841.08,1.0,105.36054459368474,1389.5875381583369,86.36,0.000499875,1841.08,0.00014108,13910400.0,0.026853364722680653,0.00014108,86400.0,1841.08,65148.316907941844,25206.498614104043,9709.355536286497,100064.17105833239
2026-07-18 00:00:00+00:00,36.59642198407817,0.0,1.0,13686.589211164377,-35.16063223316826,2168.8940636828106,10.0,9854.977464230398,-26.280513263113548,0.0199305317288916,-126.4421502513524,0,45792000.0,0.02339039993557135,1861.75,1.0,105.36051657487951,1389.5875818913275,86.36,0.000499875,1861.75,9.533e-05,13824000.0,0.026853629457375756,9.533e-05,86400.0,1861.75,65883.9175791761,24485.96867691649,9706.492394992518,100076.37865108509
2026-07-19 00:00:00+00:00,36.59642198407817,0.0,1.0,13693.459678549018,-35.16063223316826,2168.8940636828106,10.0,9852.393079737078,-26.280513263113548,0.0199305317288916,-129.0265347446729,0,45705600.0,0.022749295442183737,1871.49,1.0,99.93257587216446,1393.8257916218115,86.36,0.000499875,1871.49,0.00010441000000000001,13737600.0,0.028279792804749886,0.00010441000000000001,86400.0,1871.49,66292.97433784016,24150.374586350074,9673.508191106179,100116.85711529641
2026-07-20 00:00:00+00:00,36.59642198407817,0.0,1.0,13698.477290460301,-35.16063223316826,2168.8940636828106,10.0,9851.237226616968,-26.280513263113548,0.0199305317288916,-130.18238786478253,0,45619200.0,0.022749282949949823,1903.5,1.0,99.93247264406895,1393.8258722332082,86.36,0.000499875,1903.5,7.497e-05,13651200.0,0.028279792804749886,7.497e-05,86400.0,1903.5,67431.00734476648,23029.90036047764,9670.43699277911,100131.34469802323
2026-07-21 00:00:00+00:00,36.59642198407817,0.0,1.0,13705.470406399952,-35.16063223316826,2168.8940636828106,10.0,9848.639952351694,-26.280513263113548,0.0199305317288916,-132.77966213005558,0,45532800.0,0.022749282962437167,1929.29,1.0,99.93247264406895,1393.8258722332082,86.36,0.000499875,1929.29,0.00010309,13564800.0,0.029717012959714708,0.00010309,86400.0,1929.29,68348.82368893057,22130.100771123885,9635.205407871354,100114.12986792582
2026-07-22 00:00:00+00:00,36.59642198407817,0.0,1.0,13711.546137202016,-35.16063223316826,2168.8940636828106,10.0,9846.733849106342,-26.280513263113548,0.0199305317288916,-134.6857653754077,0,45446400.0,0.022749282974972473,1933.31,1.0,99.93247264406895,1393.8258722332082,86.36,0.000499875,1933.31,8.938e-05,13478400.0,0.03004167235959494,8.938e-05,86400.0,1933.31,68495.46108791609,21994.83076034861,9627.166769825992,100117.45861809069
2026-07-23 00:00:00+00:00,36.59642198407817,0.0,1.0,13707.485783727992,-35.16063223316826,2168.8940636828106,10.0,9852.327695732789,-26.280513263113548,0.0199305317288916,-129.0919187489601,0,45360000.0,0.022749282987555297,1877.42,1.0,99.93247264406895,1393.8258722332082,86.36,0.000499875,1877.42,-6.151e-05,13392000.0,0.03004167235959494,-6.151e-05,86400.0,1877.42,66519.42724653574,23955.89814238636,9640.47486691453,100115.80025583663
2026-07-24 00:00:00+00:00,36.59642198407817,0.0,1.0,13709.025088504099,-35.16063223316826,2168.8940636828106,10.0,9853.713158815297,-26.280513263113548,0.0199305317288916,-127.70645566645156,0,45273600.0,0.022749283000186304,1860.57,1.0,99.93247264406895,1393.8258722332082,86.36,0.000499875,1860.57,2.353e-05,13305600.0,0.03004167235959494,2.353e-05,86400.0,1860.57,65926.47269604265,24549.894100291356,9645.116252051293,100121.4830483853
2026-07-25 00:00:00+00:00,36.59642198407817,0.0,1.0,13716.354493201903,-35.16063223316826,2168.8940636828106,10.0,9850.78905771051,-26.280513263113548,0.0199305317288916,-130.6305567712388,0,45187200.0,0.02274848698156262,1873.92,1.0,99.93247264406895,1393.9226356500553,86.36,0.000499875,1873.92,0.00011124,13219200.0,0.03004167235959494,0.00011124,86400.0,1873.92,66403.67595291292,24087.829064676356,9642.05966653228,100133.56468412156
2026-07-26 00:00:00+00:00,36.59642198407817,0.0,1.0,13718.014887405105,-35.16063223316826,2168.8940636828106,10.0,9852.211074719986,-26.280513263113548,0.0199305317288916,-129.2085397617623,0,45100800.0,0.022841507195406452,1953.79,1.0,100.70292224258135,1393.3212052423435,86.36,0.000499875,1953.79,2.417e-05,13132800.0,0.030246968343831854,2.417e-05,86400.0,1953.79,69229.1874549679,21281.209762416416,9631.617853300922,100142.01507068524
2026-07-27 00:00:00+00:00,36.59642198407817,0.0,1.0,13731.160777804207,-35.16063223316826,2168.8940636828106,10.0,9844.9633714169,-26.280513263113548,0.0199305317288916,-136.45624306484788,0,45014400.0,0.022764127800763978,1891.44,1.0,100.06167927678678,1393.8219696898254,86.36,0.000499875,1891.44,0.00019767,13046400.0,0.030246968343831854,0.00019767,86400.0,1891.44,67031.3077181136,23486.621072553557,9632.814752407408,100150.74354307455
2026-07-28 00:00:00+00:00,36.59642198407817,0.0,1.0,13731.57619889843,-35.16063223316826,2168.8940636828106,10.0,9847.271416514835,-26.280513263113548,0.0199305317288916,-134.14819796691182,0,44928000.0,0.022699301635828117,1921.13,1.0,100.071296306045,1401.8572287285256,86.36,0.000499875,1921.13,6.150000000000004e-06,12960000.0,0.030246968343831854,6.150000000000004e-06,86400.0,1921.13,68093.84797910108,22443.117322645012,9633.219704606856,100170.18500635296
2026-07-29 00:00:00+00:00,36.59642198407817,0.0,1.0,13741.48083988804,-35.16063223316826,2168.8940636828106,10.0,9842.471218882121,-26.280513263113548,0.0199305317288916,-138.948395599626,0,44841600.0,0.02272203946841711,1909.68,1.0,100.25937730176938,1401.7104195264676,86.36,0.000499875,1909.68,0.00014751,12873600.0,0.030246968343831854,0.00014751,86400.0,1909.68,67690.02896110115,22855.6112027044,9631.113768817948,100176.7539326235
2026-07-30 00:00:00+00:00,36.59642198407817,0.0,1.0,13748.562662917262,-35.16063223316826,2168.8940636828106,10.0,9839.791312224543,-26.280513263113548,0.0199305317288916,-141.6283022572045,0,44755200.0,0.02272425339576367,1917.31,1.0,100.27744132916202,1401.6924037193717,86.36,0.000499875,1917.31,0.00010505,12787200.0,0.03169101692590142,0.00010505,86400.0,1917.31,67964.4546594658,22594.417401794548,9599.509847461131,100158.38190872148
2026-07-31 00:00:00+00:00,36.59642198407817,0.0,1.0,13751.764860734573,-35.16063223316826,2168.8940636828106,10.0,9839.93537311076,-26.280513263113548,0.0199305317288916,-141.48424137098658,0,44668800.0,0.022915569695824978,1861.68,1.0,101.87329049163122,1400.4468137649133,86.36,0.000499875,1861.68,4.892e-05,12700800.0,0.03169101692590142,4.892e-05,86400.0,1861.68,65979.0723649892,24553.605570743006,9608.201998613276,100140.87993434549
2026-08-01 00:00:00+00:00,36.59642198407817,0.0,1.0,13761.38030807321,-35.16063223316826,2168.8940636828106,10.0,9835.262039032797,-26.280513263113548,0.0199305317288916,-146.1575754489492,0,44582400.0,0.02290177984136843,1844.17,1.0,102.78714861793358,1414.709499038941,86.36,0.000499875,1844.17,0.00014829,12614400.0,0.03169101692590142,0.00014829,86400.0,1844.17,65363.81018477558,25178.88368848442,9607.269819445655,100149.96369270566
2026-08-02 00:00:00+00:00,36.59642198407817,0.0,1.0,13767.8839617507,-35.16063223316826,2168.8940636828106,10.0,9832.969382062347,-26.280513263113548,0.0199305317288916,-148.450232419399,0,44496000.0,0.02290177985453412,1884.37,1.0,102.78659443754242,1414.7018715847885,86.36,0.000499875,1884.37,9.816e-05,12528000.0,0.03169101692590142,9.816e-05,86400.0,1884.37,66792.7817357825,23771.929926388555,9601.602922111302,100166.31458428236
2026-08-03 00:00:00+00:00,36.59642198407817,0.0,1.0,13776.250745397338,-35.16063223316826,2168.8940636828106,10.0,9829.250627779642,-26.280513263113548,0.0199305317288916,-152.16898670210313,0,44409600.0,0.022901779866091765,1859.78,1.0,102.78659443754242,1414.701871810427,86.36,0.000499875,1859.78,0.00012795,12441600.0,0.03169101692590142,0.00012795,86400.0,1859.78,65925.262061359,24644.896656648794,9602.478182497603,100172.6369005054
2026-08-04 00:00:00+00:00,36.59642198407817,0.0,1.0,13788.109736903463,-35.16063223316826,2168.8940636828106,10.0,9822.934083445029,-26.280513263113548,0.0199305317288916,-158.48553103671608,0,44323200.0,0.02287589759738462,1868.9,1.0,102.5673926506471,1414.8730291565646,86.36,0.000499875,1868.9,0.00018047,12355200.0,0.03181394152386104,0.00018047,86400.0,1868.9,66255.01291308196,24336.09068218842,9594.266736121266,100185.37033139163
2026-08-05 00:00:00+00:00,36.59642198407817,0.0,1.0,13792.895561418194,-35.16063223316826,2168.8940636828106,10.0,9821.95754328906,-26.280513263113548,0.0199305317288916,-159.46207119268558,0,44236800.0,0.022877871310965192,1907.95,1.0,102.58409176033095,1414.859994511401,86.36,0.000499875,1907.95,7.134e-05,12268800.0,0.03313619138772812,7.134e-05,86400.0,1907.95,67643.39630453047,22967.853817997933,9564.351283342543,100175.60140587096
2026-08-06 00:00:00+00:00,36.59642198407817,0.0,1.0,13794.480106307396,-35.16063223316826,2168.8940636828106,10.0,9823.367188746399,-26.280513263113548,0.0199305317288916,-158.0524257353463,0,44150400.0,0.02287589093210496,1903.12,1.0,102.56733771200709,1414.8730797772255,86.36,0.000499875,1903.12,2.368e-05,12182400.0,0.03313619138772812,2.368e-05,86400.0,1903.12,67476.52064449548,23139.26421657334,9568.222598466264,100184.00745953509
2026-08-07 00:00:00+00:00,36.59642198407817,0.0,1.0,13799.972273202566,-35.16063223316826,2168.8940636828106,10.0,9821.869677718492,-26.280513263113548,0.0199305317288916,-159.54993676325336,0,44064000.0,0.022875890945514676,1913.07,1.0,102.56733771200709,1414.8730797772255,86.36,0.000499875,1913.07,8.165e-05,12096000.0,0.03303305383225234,8.165e-05,86400.0,1913.07,67833.50856532216,22794.90809274849,9569.199040056266,100197.61569812692
2026-08-08 00:00:00+00:00,36.59642198407817,0.0,1.0,13806.671254459014,-35.16063223316826,2168.8940636828106,10.0,9819.47411004019,-26.280513263113548,0.0199305317288916,-161.94550444155522,0,43977600.0,0.019357579950722847,1915.98,1.0,76.5891173199953,1435.255010799611,86.36,0.000499875,1915.98,9.944e-05,12009600.0,0.03303305383225234,9.944e-05,86400.0,1915.98,68268.13579281002,22699.289634206412,9568.226666774422,100535.65209379085
2026-08-09 00:00:00+00:00,36.59642198407817,0.0,1.0,13816.982874977844,-35.16063223316826,2168.8940636828106,10.0,9814.369569113122,-26.280513263113548,0.0199305317288916,-167.05004536862353,0,43891200.0,0.01935830591012455,1909.57,1.0,76.59376098140135,1435.251368694341,86.36,0.000499875,1909.57,0.00015358,11923200.0,0.03303305383225234,0.00015358,86400.0,1909.57,68043.24819684915,22934.980907339857,9565.764174196758,100543.99327838575
2026-08-10 00:00:00+00:00,36.59642198407817,0.0,1.0,13823.360640709083,-35.16063223316826,2168.8940636828106,10.0,9812.154567928985,-26.280513263113548,0.0199305317288916,-169.2650465527608,0,43804800.0,0.020415067294467626,1872.31,1.0,83.64871882539242,1429.725873171875,86.36,0.000499875,1872.31,9.688e-05,11836800.0,0.03303305383225234,9.688e-05,86400.0,1872.31,66623.1189975736,24251.44383007894,9570.16635997234,100444.7291876249
2026-08-11 00:00:00+00:00,36.59642198407817,0.0,1.0,13831.830457912116,-35.16063223316826,2168.8940636828106,10.0,9808.388815905872,-26.280513263113548,0.0199305317288916,-173.03079857587494,0,43718400.0,0.020415067306610357,1881.8,1.0,83.64871882539242,1429.725873171875,86.36,0.000499875,1881.8,0.00012801,11750400.0,0.03260873573197501,0.00012801,86400.0,1881.8,66964.51289329318,23926.23924738921,9574.768241937296,100465.5203826197
2026-08-12 00:00:00+00:00,36.59642198407817,0.0,1.0,13847.034780522576,-35.16063223316826,2168.8940636828106,10.0,9799.585326450793,-26.280513263113548,0.0199305317288916,-181.8342880309535,0,43632000.0,0.020415067318801272,1878.8,1.0,83.64871882539242,1429.725873171875,86.36,0.000499875,1878.8,0.00023016,11664000.0,0.03302915913912222,0.00023016,86400.0,1878.8,66861.45875101039,24046.925466699173,9560.37435916444,100468.75857687401
2026-08-13 00:00:00+00:00,36.59642198407817,0.0,1.0,13860.07034194899,-35.16063223316826,2168.8940636828106,10.0,9792.411841292236,-26.280513263113548,0.0199305317288916,-189.00777318951057,0,43545600.0,0.020416350420487284,1885.39,1.0,83.65765068737649,1429.7188779590645,86.36,0.000499875,1885.39,0.00019664,11577600.0,0.03349461139346367,0.00019664,86400.0,1885.39,67099.57779354454,23828.252461709002,9545.67312106902,100473.50337632255
2026-08-14 00:00:00+00:00,36.59642198407817,0.0,1.0,13861.861707288623,-35.16063223316826,2168.8940636828106,10.0,9793.637282045014,-26.280513263113548,0.0199305317288916,-187.78233243673182,0,43459200.0,0.02041635043277612,1881.39,1.0,83.65765068737649,1429.7188779590645,86.36,0.000499875,1881.39,2.708e-05,11491200.0,0.03349461139346367,2.708e-05,86400.0,1881.39,66960.92852245191,23970.68635598131,9549.259464209546,100480.87434264277
2026-08-15 00:00:00+00:00,36.59642198407817,0.0,1.0,13872.079892667665,-35.16063223316826,2168.8940636828106,10.0,9788.564631799169,-26.280513263113548,0.0199305317288916,-192.85498268257737,0,43372800.0,0.02041635044511425,1881.73,1.0,83.65765068737649,1429.7188779590645,86.36,0.000499875,1881.73,0.00015444,11404800.0,0.03349461139346367,0.00015444,86400.0,1881.73,66976.73805369441,23968.949926401077,9545.980409884975,100491.66838998046
2026-08-16 00:00:00+00:00,36.59642198407817,0.0,1.0,13875.703620953529,-35.16063223316826,2168.8940636828106,10.0,9788.412078706066,-26.280513263113548,0.0199305317288916,-193.00753577567954,0,43286400.0,0.020416350457475696,1875.22,1.0,83.65765437739373,1429.7189410218837,86.36,0.000499875,1875.22,5.496e-05,11318400.0,0.03349461139346367,5.496e-05,86400.0,1875.22,66748.7224069528,24201.469370524865,9548.498498275205,100498.69027575287
2026-08-17 00:00:00+00:00,36.59642198407817,0.0,1.0,13886.413460751155,-35.16063223316826,2168.8940636828106,10.0,9783.014158459446,-26.280513263113548,0.0199305317288916,-198.4054560222999,0,43200000.0,0.02041635046991286,1912.7,1.0,83.65765437739373,1429.7189410218837,86.36,0.000499875,1912.7,0.00015925,11232000.0,0.03468718832008343,0.00015925,86400.0,1912.7,68086.59831004262,22894.358714223345,9518.82246464846,100499.77948891443
2026-08-18 00:00:00+00:00,36.59642198407817,0.0,1.0,13894.01825622063,-35.16063223316826,2168.8940636828106,10.0,9779.943074297642,-26.280513263113548,0.0199305317288916,-201.47654018410458,0,43113600.0,0.020979140490544168,1917.1,1.0,87.68156193089858,1426.8754236471825,86.36,0.000499875,1917.1,0.00011282,11145600.0,0.03468718832008343,0.00011282,86400.0,1917.1,68195.57916611679,22747.256727866887,9517.180549270795,100460.01644325447
2026-08-19 00:00:00+00:00,23.394767969517794,220.12178792511986,1.0,41477.397277639175,-22.740425660407713,2168.8940636828106,10.0,9773.403665532916,-26.280513263113548,0.0199305317288916,-208.01594894882973,0,43027200.0,0.021009612081795304,2252.16,1.0,87.68211611128973,1423.1060380179244,86.36,0.000499875,2252.16,0.00016235000000000002,11059200.0,0.03450032025651831,0.00016235000000000002,86400.0,2252.16,51435.198843268954,39583.89444277389,9470.988590034149,100490.08187607699
2026-08-20 00:00:00+00:00,23.394767969517794,220.12178792511986,1.0,41493.26677464799,-22.740425660407713,2168.8940636828106,10.0,9758.234345502782,-26.280513263113548,0.0199305317288916,-223.18526897896461,0,42940800.0,0.0210277765533029,2326.18,1.0,87.68211611128973,1420.858529864045,86.36,0.000499875,2326.18,0.00030000000000000003,10972800.0,0.04623590419481773,0.00030000000000000003,86400.0,2326.18,53120.17706377897,37916.51763239933,9198.692627137603,100235.3873233159
2026-08-21 00:00:00+00:00,23.394767969517794,220.12178792511986,1.0,41509.87663739606,-22.740425660407713,2168.8940636828106,10.0,9742.46809271046,-26.280513263113548,0.0199305317288916,-238.95152177128736,0,42854400.0,0.020788616119147063,2515.97,1.0,85.95808442677513,1422.208497080714,86.36,0.000499875,2515.97,0.00029031,10886400.0,0.051505724869245144,0.00029031,86400.0,2515.97,57457.70403113406,33617.22210905862,9021.754027682804,100096.68016787549
2026-08-22 00:00:00+00:00,23.394767969517794,220.12178792511986,1.0,41526.395737404295,-22.740425660407713,2168.8940636828106,10.0,9726.677830769868,-26.280513263113548,0.0199305317288916,-254.74178371188034,0,42768000.0,0.020824016858842054,2421.4,1.0,86.21353847594433,1422.048794346755,86.36,0.000499875,2421.4,0.00030000000000000003,10800000.0,0.0601374187469063,0.00030000000000000003,86400.0,2421.4,55306.778702155825,35784.3032637716,8850.448111818314,99941.53007774575
2026-08-23 00:00:00+00:00,23.394767969517794,220.12178792511986,1.0,41543.19577263114,-22.740425660407713,2168.8940636828106,10.0,9710.619028733994,-26.280513263113548,0.0199305317288916,-270.80058574775444,0,42681600.0,0.02111409483986626,2462.58,1.0,88.31831803274773,1420.4631098450948,86.36,0.000499875,2462.58,0.00030000000000000003,10713600.0,0.0601374187469063,0.00030000000000000003,86400.0,2462.58,56225.2438509684,34864.65257030286,8826.616594173265,99916.51301544452
2026-08-24 00:00:00+00:00,23.394767969517794,220.12178792511986,1.0,41560.12167611401,-22.740425660407713,2168.8940636828106,10.0,9694.439911866699,-26.280513263113548,0.0199305317288916,-286.97970261505,0,42595200.0,0.02111409485310123,2481.03,1.0,88.31831803274773,1420.4631098450948,86.36,0.000499875,2481.03,0.00030000000000000003,10627200.0,0.061002344756895054,0.00030000000000000003,86400.0,2481.03,56648.07230221426,34462.0176203512,8791.992342052688,99902.08226461816
2026-08-25 00:00:00+00:00,23.394767969517794,220.12178792511986,1.0,41573.13469138637,-22.740425660407713,2168.8940636828106,10.0,9682.72923672733,-26.280513263113548,0.0199305317288916,-298.6903777544201,0,42508800.0,0.02091647474172098,2441.72,1.0,86.88231955491398,1421.5977670816935,86.36,0.000499875,2441.72,0.00023436000000000003,10540800.0,0.05981268926035717,0.00023436000000000003,86400.0,2441.72,55771.685623418525,35368.956768334196,8827.317284514242,99967.95967626695
2026-08-26 00:00:00+00:00,23.394767969517794,220.12178792511986,1.0,41584.86967603943,-22.740425660407713,2168.8940636828106,10.0,9672.582699853585,-26.280513263113548,0.0199305317288916,-308.8369146281652,0,42422400.0,0.020636200874744492,2505.66,1.0,86.98157305919835,1458.3424216869385,86.36,0.000499875,2505.66,0.00020595,10454400.0,0.0619518202476993,0.00020595,86400.0,2505.66,57250.67798976506,33926.66893626079,8755.269054239609,99932.61598026546
2026-08-27 00:00:00+00:00,23.394767969517794,220.12178792511986,1.0,41594.747794014074,-22.740425660407713,2168.8940636828106,10.0,9664.587656220472,-26.280513263113548,0.0199305317288916,-316.83195826127866,0,42336000.0,0.020591718482835253,2509.74,1.0,86.66066584551635,1458.593739098237,86.36,0.000499875,2509.74,0.00017308000000000002,10368000.0,0.0619518202476993,0.00017308000000000002,86400.0,2509.74,57350.081023249586,33843.766117540974,8753.373785339234,99947.2209261298
2026-08-28 00:00:00+00:00,23.394767969517794,220.12178792511986,1.0,41598.94585032784,-22.740425660407713,2168.8940636828106,10.0,9663.064443203522,-26.280513263113548,0.0199305317288916,-318.3551712782285,0,42249600.0,0.020591718495951428,2441.9,1.0,86.66066584551635,1458.593739098237,86.36,0.000499875,2441.9,7.56e-05,10281600.0,0.05953908237033006,7.56e-05,86400.0,2441.9,55808.923034253916,35390.67465065679,8834.350271724414,100033.94795663511
2026-08-29 00:00:00+00:00,23.394767969517794,220.12178792511986,1.0,41604.7945866128,-22.740425660407713,2168.8940636828106,10.0,9659.653482818683,-26.280513263113548,0.0199305317288916,-321.7661316630679,0,42163200.0,0.020415570100135172,2456.5,1.0,86.63111391040364,1480.6019992876072,86.36,0.000499875,2456.5,0.0001047,10195200.0,0.06085723570290323,0.0001047,86400.0,2456.5,56157.316103179524,35064.5131722998,8805.479135781157,100027.30841126048
2026-08-30 00:00:00+00:00,23.394767969517794,220.12178792511986,1.0,41610.34203146205,-22.740425660407713,2168.8940636828106,10.0,9656.534901170844,-26.280513263113548,0.0199305317288916,-324.8847133109078,0,42076800.0,0.020699270174572737,2415.55,1.0,88.69768973944446,1478.9842624744879,86.36,0.000499875,2415.55,0.00010099,10108800.0,0.06085723570290323,0.00010099,86400.0,2415.55,55207.48679893655,36001.28104794274,8823.717785919987,100032.48563279927
2026-08-31 00:00:00+00:00,23.394767969517794,220.12178792511986,1.0,41617.96353279517,-22.740425660407713,2168.8940636828106,10.0,9651.088873874187,-26.280513263113548,0.0199305317288916,-330.33074060756576,0,41990400.0,0.0206917833429352,2466.53,1.0,88.64255409454294,1479.0274365494924,86.36,0.000499875,2466.53,0.00013588,10022400.0,0.06141031541250671,0.00013588,86400.0,2466.53,56371.69113245925,34849.595649108276,8796.569620108603,100017.85640167614
2026-09-01 00:00:00+00:00,23.394767969517794,220.12178792511986,1.0,41626.42129337497,-22.740425660407713,2168.8940636828106,10.0,9644.60952007617,-26.280513263113548,0.0199305317288916,-336.8100944055821,0,41904000.0,0.020653198101661108,2417.46,1.0,88.64255409454294,1483.9976443578605,86.36,0.000499875,2417.46,0.00015385,9936000.0,0.05696185161150097,0.00015385,86400.0,2417.46,55260.44528935094,35973.92609684429,8903.355081059648,100137.72646725488
2026-09-02 00:00:00+00:00,23.394767969517794,220.12178792511986,1.0,41632.060582043894,-22.740425660407713,2168.8940636828106,10.0,9641.351212002122,-26.280513263113548,0.0199305317288916,-340.06840247962964,0,41817600.0,0.020591011813607896,2390.91,1.0,88.64255409454294,1492.0424772583146,86.36,0.000499875,2390.91,0.00010371999999999999,9849600.0,0.05844259746566801,0.00010371999999999999,86400.0,2390.91,54663.40680159586,36583.32368679704,8885.552978719163,100132.28346711207
2026-09-03 00:00:00+00:00,23.394767969517794,220.12178792511986,1.0,41646.96987239281,-22.740425660407713,2168.8940636828106,10.0,9627.537249223344,-26.280513263113548,0.0199305317288916,-353.8823652584088,0,41731200.0,0.020641356587673743,2506.42,1.0,88.64255409454294,1485.5267484100227,86.36,0.000499875,2506.42,0.00026157999999999997,9763200.0,0.05844259746566801,0.00026157999999999997,86400.0,2506.42,57293.14045894676,33971.48640911225,8842.17488851919,100106.8017565782
2026-09-04 00:00:00+00:00,23.394767969517794,220.12178792511986,1.0,41655.97386858719,-22.740425660407713,2168.8940636828106,10.0,9620.477207112122,-26.280513263113548,0.0199305317288916,-360.9424073696305,0,41644800.0,0.020643838173008966,2454.57,1.0,89.76564427344502,1504.0236988993627,86.36,0.000499875,2454.57,0.00016130999999999999,9676800.0,0.05878224137224064,0.00016130999999999999,86400.0,2454.57,56115.427239061646,35159.581475798776,8851.444948840575,100126.453663701
2026-09-05 00:00:00+00:00,23.394767969517794,220.12178792511986,1.0,41661.59187461226,-22.740425660407713,2168.8940636828106,10.0,9617.363795409232,-26.280513263113548,0.0199305317288916,-364.05581907252184,0,41558400.0,0.020636889513713674,2479.17,1.0,89.76564427344502,1504.9324051355131,86.36,0.000499875,2479.17,9.965e-05,9590400.0,0.05878224137224064,9.965e-05,86400.0,2479.17,56679.28396146344,34605.78501057782,8847.559376963534,100132.6283490048
2026-09-06 00:00:00+00:00,23.394767969517794,220.12178792511986,1.0,41670.74277077958,-22.740425660407713,2168.8940636828106,10.0,9610.2142670206,-26.280513263113548,0.0199305317288916,-371.2053474611546,0,41472000.0,0.020604193448786612,2513.47,1.0,89.5222645887169,1505.1234014713518,86.36,0.000499875,2513.47,0.0001601,9504000.0,0.05878224137224064,0.0001601,86400.0,2513.47,57466.027159753765,33834.93930659316,8836.790517349591,100137.75698369653
2026-09-07 00:00:00+00:00,23.394767969517794,220.12178792511986,1.0,41676.729257611405,-22.740425660407713,2168.8940636828106,10.0,9606.688301210514,-26.280513263113548,0.0199305317288916,-374.73131327123957,0,41385600.0,0.020604193462465004,2488.92,1.0,89.5222645887169,1505.1234014713518,86.36,0.000499875,2488.92,0.00010577,9417600.0,0.05878224137224064,0.00010577,86400.0,2488.92,56910.05255297128,34399.20324338799,8847.781319466705,100157.03711582598
2026-09-08 00:00:00+00:00,23.394767969517794,220.12178792511986,1.0,41681.79420130291,-22.740425660407713,2168.8940636828106,10.0,9604.220455352104,-26.280513263113548,0.0199305317288916,-377.19915912964973,0,41299200.0,0.0206042623453071,2483.87,1.0,89.52277671996845,1505.1230032135634,86.36,0.000499875,2483.87,8.967e-05,9331200.0,0.0532853105233838,8.967e-05,86400.0,2483.87,56798.18538505444,34519.10733666455,8959.974559187147,100277.26728090613
2026-09-09 00:00:00+00:00,23.394767969517794,220.12178792511986,1.0,41691.23133453721,-22.740425660407713,2168.8940636828106,10.0,9596.676749637498,-26.280513263113548,0.0199305317288916,-384.74286484425636,0,41212800.0,0.020604262359100733,2466.97,1.0,89.52277671996845,1505.1230032135634,86.36,0.000499875,2466.97,0.00016822,9244800.0,0.0532853105233838,0.00016822,86400.0,2466.97,56416.373921057086,34912.85766355974,8962.73889021502,100291.97047483185
2026-09-10 00:00:00+00:00,23.394767969517794,220.12178792511986,1.0,41687.4157138766,-22.740425660407713,2168.8940636828106,10.0,9604.408108532647,-26.280513263113548,0.0199305317288916,-377.0115059491079,0,41126400.0,0.020440712910510195,2437.04,1.0,89.54911087923291,1527.115658320319,86.36,0.000499875,2437.04,-6.884999999999999e-05,9158400.0,0.0532853105233838,-6.884999999999999e-05,86400.0,2437.04,55749.29085339072,35589.662982915135,8984.014141502837,100322.96797780869
