timestamp,SPOT_amount,SPOT_cash,PERP_collateral,PERP_positions_0_amount,PERP_positions_0_entry_price,PERP_positions_0_max_leverage,PT_amount,PT_cash,PT_py_index_high,LENDING_collateral,LENDING_borrowed,LENDING_liquidation_count,SPOT_open,SPOT_high,SPOT_low,SPOT_close,SPOT_volume,PERP_mark_price,PERP_funding_rate,PT_seconds_to_expiry,PT_implied_apy,PT_asset_price,PT_sy_exchange_rate,PT_total_pt,PT_total_sy,PT_scalar_root,PT_ln_fee_rate_root,LENDING_collateral_price,LENDING_debt_price,LENDING_lending_rate,LENDING_borrowing_rate,LENDING_collateral_market_price,SPOT_balance,PERP_balance,PT_balance,LENDING_balance,net_balance
2025-06-05 00:00:00+00:00,5.523091162777847,3.3333333333321207,6658.669000000001,-5.523091162777847,2412.9,10.0,0.0,0.0,1.1758804926460682,354150.58739416447,265924.09516713,0,2412.9,2412.9,2412.9,2412.9,0.0,2412.9,0.00017263,9676800.0,0.08107348670557468,1.0,1.1758804926460682,2118760.760293249,8917314.953745352,0.0,0.0,0.9763635325545232,1.0,0.0,0.00044817395592959997,0.9763635325545232,13330.0,6658.669000000001,0.0,79855.62339729583,99844.29239729582
2025-06-06 00:00:00+00:00,0.0,19977.619492132886,0.0,,,,0.0,79538.18387452618,1.1760748170581536,0.0,0.0,0,2475.38,2475.38,2475.38,2475.38,0.0,2475.38,4.18e-05,9590400.0,0.08002894571436414,1.0,1.1760748170581536,2078412.7219451028,8923944.115754515,0.0,0.0,0.9768592106076429,1.0,0.0,0.00048073297996799997,0.9768592106076429,19977.619492132886,0.0,79538.18387452618,0.0,99515.80336665906
2025-06-07 00:00:00+00:00,0.0,19977.619492132886,0.0,,,,0.0,79538.18387452618,1.176252203352786,0.0,0.0,0,2523.4,2523.4,2523.4,2523.4,0.0,2523.4,0.00020908,9504000.0,0.08444892080207511,1.0,1.176252203352786,2176084.7872992796,8587129.501090826,0.0,0.0,0.9758634182027341,1.0,0.0,0.0005163767024256,0.9758634182027341,19977.619492132886,0.0,79538.18387452618,0.0,99515.80336665906
2025-06-08 00:00:00+00:00,0.0,19977.619492132886,0.0,,,,0.0,79538.18387452618,1.1764555923797189,0.0,0.0,0,2508.32,2508.32,2508.32,2508.32,0.0,2508.32,0.00024217,9417600.0,0.07996751022945547,1.0,1.1764555923797189,2072078.6647333577,8907063.935558364,0.0,0.0,0.9772879883159218,1.0,0.0,0.0005575060977408,0.9772879883159218,19977.619492132886,0.0,79538.18387452618,0.0,99515.80336665906
2025-06-09 00:00:00+00:00,0.0,19977.619492132886,0.0,,,,0.0,79538.18387452618,1.176643797182438,0.0,0.0,0,2679.12,2679.12,2679.12,2679.12,0.0,2679.12,0.00012799,9331200.0,0.0801807203349505,1.0,1.176643797182438,2051614.3588666695,8783224.622232448,0.0,0.0,0.9774368992843576,1.0,0.0,0.0001794420633312,0.9774368992843576,19977.619492132886,0.0,79538.18387452618,0.0,99515.80336665906
2025-06-10 00:00:00+00:00,0.0,19977.619492132886,0.0,,,,0.0,79538.18387452618,1.1768347046606684,0.0,0.0,0,2815.74,2815.74,2815.74,2815.74,0.0,2815.74,0.00030000000000000003,9244800.0,0.07935399459052594,1.0,1.1768347046606684,2052428.7556485338,8926648.765012389,0.0,0.0,0.9778629218770933,1.0,0.0,0.00017941689838080001,0.9778629218770933,19977.619492132886,0.0,79538.18387452618,0.0,99515.80336665906
2025-06-11 00:00:00+00:00,0.0,19977.619492132886,0.0,,,,0.0,79538.18387452618,1.1770021179839696,0.0,0.0,0,2770.34,2770.34,2770.34,2770.34,0.0,2770.34,0.00030000000000000003,9158400.0,0.086217788462289,1.0,1.1770021179839696,2306125.399981017,8799409.165381504,0.0,0.0,0.9762686321655331,1.0,0.0,0.0001793917387008,0.9762686321655331,19977.619492132886,0.0,79538.18387452618,0.0,99515.80336665906
2025-06-12 00:00:00+00:00,5.0396965935449956,3.3296032486859986,6651.217780303051,-5.0396965935449956,2641.38,10.0,0.0,0.0,1.1771822647397103,352204.8762148268,264409.2152058484,0,2641.38,2641.38,2641.38,2641.38,0.0,2641.38,0.00021369,9072000.0,0.08745939895575239,1.0,1.1771822647397103,2290651.784852109,8536460.485014312,0.0,0.0,0.9761690020612342,1.0,0.0,0.00017936658420480002,0.9761690020612342,13315.083391506567,6651.217780303051,0.0,79402.26732987963,99368.56850168924
2025-06-13 00:00:00+00:00,5.0396965935449956,3.3296032486859986,6651.171266109872,-5.0396965935449956,2641.38,10.0,0.0,0.0,1.177329679638129,352204.8762148268,264456.63898636814,0,2578.09,2578.09,2578.09,2578.09,0.0,2578.09,-3.580000000000003e-06,8985600.0,0.08029240532518722,1.0,1.177329679638129,2047221.5327612907,8745451.511930652,0.0,0.0,0.9782346014303996,1.0,0.0,0.000179341435152,0.9782346014303996,12996.120994101104,6970.133663515335,0.0,80082.35771948623,100048.61237710266
2025-06-14 00:00:00+00:00,5.0396965935449956,3.3296032486859986,6652.060361764899,-5.0396965935449956,2641.38,10.0,0.0,0.0,1.1774606871699125,352204.8762148268,264504.0646220667,0,2529.66,2529.66,2529.66,2529.66,0.0,2529.66,6.974e-05,8899200.0,0.07867427112907976,1.0,1.1774606871699125,2214179.4236048255,9755580.492292859,0.0,0.0,0.9788555826349364,1.0,0.0,0.0001793162913696,0.9788555826349364,12752.048488075718,7215.095265195748,0.0,80253.64469206327,100220.78844533474
2025-06-15 00:00:00+00:00,5.0396965935449956,3.3296032486859986,6654.291323222898,-5.0396965935449956,2641.38,10.0,0.0,0.0,1.1775895522850812,352204.8762148268,264551.49211226305,0,2546.32,2546.32,2546.32,2546.32,0.0,2546.32,0.00017385000000000002,8812800.0,0.07782331271404308,1.0,1.1775895522850812,2185948.4962008107,9789123.653161364,0.0,0.0,0.9792746535804085,1.0,0.0,0.0001792911527712,0.9792746535804085,12836.00983332418,7133.364881405286,0.0,80353.81603234215,100323.19074707161
2025-06-16 00:00:00+00:00,5.0396965935449956,3.3296032486859986,6656.546139427546,-5.0396965935449956,2641.38,10.0,0.0,0.0,1.1777155723940333,352204.8762148268,264598.9214563453,0,2543.12,2543.12,2543.12,2543.12,0.0,2543.12,0.00017593,8726400.0,0.07791435455335738,1.0,1.1777155723940333,2180639.027687086,9748366.096056247,0.0,0.0,0.9794528511601504,1.0,0.0,0.00017926601961600001,0.9794528511601504,12819.882804224835,7151.746726709279,0.0,80369.14874477463,100340.77827570876
2025-06-17 00:00:00+00:00,5.305868231490932,0.1670390139806841,6651.5258374472705,-5.305868231490932,2508.99,10.0,0.0,0.0,1.1778448259908083,352204.8762148268,264646.3526536334,0,2508.99,2508.99,2508.99,2508.99,0.0,2508.99,0.00014652,8640000.0,0.07689184561621887,1.0,1.1778448259908083,2146557.534196249,9785424.071392534,0.0,0.0,0.9799089610139438,1.0,0.0,0.00017924089164479998,0.9799089610139438,13312.537373142412,6651.5258374472705,0.0,80482.36166208226,100446.42487267194
2025-06-18 00:00:00+00:00,5.305868231490932,0.1670390139806841,6653.527538608081,-5.305868231490932,2508.99,10.0,0.0,0.0,1.1779850680127555,352204.8762148268,264658.0286293976,0,2523.49,2523.49,2523.49,2523.49,0.0,2523.49,0.0001495,8553600.0,0.07333809129325575,1.0,1.1779850680127555,2020754.3899611917,9860360.17486881,0.0,0.0,0.9809869708338417,1.0,0.0,4.4118190512e-05,0.9809869708338417,13389.47246249903,6576.592449251462,0.0,80850.36600149353,100816.43091324402
2025-06-19 00:00:00+00:00,5.305868231490932,0.1670390139806841,6655.543863734997,-5.305868231490932,2508.99,10.0,0.0,0.0,1.1781157292108715,352204.8762148268,264668.9536156624,0,2520.18,2520.18,2520.18,2520.18,0.0,2520.18,0.00015078999999999998,8467200.0,0.07499114775443827,1.0,1.1781157292108715,2538004.8496523295,11998377.505555978,0.0,0.0,0.9807718734803944,1.0,0.0,4.1278780915200005e-05,0.9807718734803944,13371.910038652795,6596.171198224613,0.0,80763.68267848372,100731.76391536112
2025-06-20 00:00:00+00:00,5.305868231490932,0.1670390139806841,6658.05788826576,-5.305868231490932,2508.99,10.0,0.0,0.0,1.178254430340612,352204.8762148268,264691.2716761437,0,2405.42,2405.42,2405.42,2405.42,0.0,2405.42,0.00019698,8380800.0,0.07435754660356153,1.0,1.178254430340612,2499707.2867886554,11961520.66530602,0.0,0.0,0.9811199109443284,1.0,0.0,8.43208818048e-05,0.9811199109443284,12763.008600406898,7207.5866610012745,0.0,80863.94510990538,100834.54037131356
2025-06-21 00:00:00+00:00,5.80059148018911,0.28394367387863895,6650.447040163303,-5.80059148018911,2294.63,10.0,0.0,0.0,1.1783917182565773,352204.8762148268,264713.085061015,0,2294.63,2294.63,2294.63,2294.63,0.0,2294.63,-1.3580000000000002e-05,8294400.0,0.07425497176854123,1.0,1.1783917182565773,2493458.1624300913,11955020.554259656,0.0,0.0,0.9813373644855148,1.0,0.0,8.24072737824e-05,0.9813373644855148,13310.495171860217,6650.447040163303,0.0,80918.71992259013,100879.66213461365
2025-06-22 00:00:00+00:00,5.80059148018911,0.28394367387863895,6650.725337527691,-5.80059148018911,2294.63,10.0,0.0,0.0,1.1785370644531794,352204.8762148268,264737.16541127575,0,2226.33,2226.33,2226.33,2226.33,0.0,2226.33,2.1550000000000002e-05,8208000.0,0.07149520600762882,1.0,1.1785370644531794,2392391.2697610506,12093194.689930646,0.0,0.0,0.9821873199849279,1.0,0.0,9.096359952960001e-05,0.9821873199849279,12914.314773763297,7046.9057356246085,0.0,81193.9980437883,101155.21855317621
2025-06-23 00:00:00+00:00,5.5195685490105735,0.0,6647.161220501061,-5.5195685490105735,2410.39,10.0,0.0,0.0,1.1786732874983405,352204.8762148268,264760.742648103,0,2410.39,2410.39,2410.39,2410.39,0.0,2410.39,1.0179999999999999e-05,8121600.0,0.07183797076107168,1.0,1.1786732874983405,2887400.1163166407,14499802.066748567,0.0,0.0,0.9822922443081219,1.0,0.0,8.905507079039998e-05,0.9822922443081219,13304.312834849596,6647.161220501061,0.0,81207.37566522352,101158.84972057417
2025-06-24 00:00:00+00:00,5.5195685490105735,0.0,6647.671072261197,-5.5195685490105735,2410.39,10.0,0.0,0.0,1.1788098420062265,352204.8762148268,264783.80432317796,0,2447.58,2447.58,2447.58,2447.58,0.0,2447.58,3.774e-05,8035200.0,0.07216040748479546,1.0,1.1788098420062265,2964193.423085933,14793755.830895433,0.0,0.0,0.9824036729635112,1.0,0.0,8.71000380288e-05,0.9824036729635112,13509.5855891873,6442.398317923494,0.0,81223.55970592669,101175.54361303747
2025-06-25 00:00:00+00:00,5.5195685490105735,0.0,6647.716302802822,-5.5195685490105735,2410.39,10.0,0.0,0.0,1.1789475353253471,352204.8762148268,264811.77309087623,0,2417.28,2417.28,2417.28,2417.28,0.0,2417.28,3.3900000000000014e-06,7948800.0,0.07220477182320928,1.0,1.1789475353253471,2957930.2550693434,14749961.70475603,0.0,0.0,0.9825809763446944,1.0,0.0,0.0001056231166464,0.9825809763446944,13342.34266215228,6609.686475500137,0.0,81258.03805365058,101210.06719130301
2025-06-26 00:00:00+00:00,5.5195685490105735,0.0,6649.278252874817,-5.5195685490105735,2410.39,10.0,0.0,0.0,1.179088968263786,352204.8762148268,264840.102272363,0,2414.54,2414.54,2414.54,2414.54,0.0,2414.54,0.00011719999999999999,7862400.0,0.07074579511700207,1.0,1.179088968263786,3901958.8025317225,20009003.182034638,0.0,0.0,0.983102360198136,1.0,0.0,0.00010697283567359999,0.983102360198136,13327.21904432799,6626.372043396423,0.0,81413.3428077256,101366.93389545001
2025-06-27 00:00:00+00:00,5.5195685490105735,0.0,6650.137995656727,-5.5195685490105735,2410.39,10.0,0.0,0.0,1.1792002846348528,352204.8762148268,264868.43410032324,0,2422.06,2422.06,2422.06,2422.06,0.0,2422.06,6.431e-05,7776000.0,0.07074201345624243,1.0,1.1792002846348528,4020238.124443686,20617033.01061456,0.0,0.0,0.9832873443307043,1.0,0.0,0.0001069713853632,0.9832873443307043,13368.726199816549,6585.724630689773,0.0,81450.16329327825,101404.61412378457
2025-06-28 00:00:00+00:00,5.5195685490105735,0.0,6651.899182569912,-5.5195685490105735,2410.39,10.0,0.0,0.0,1.1793116209593806,352204.8762148268,264896.7605270365,0,2434.8,2434.8,2434.8,2434.8,0.0,2434.8,0.00013105000000000001,7689600.0,0.0707520435716793,1.0,1.1793116209593806,4032933.4730249844,20678164.066262044,0.0,0.0,0.9834692509411,1.0,0.0,0.00010693955370240001,0.9834692509411,13439.045503130945,6517.166514288562,0.0,81485.90526176209,101442.1172791816
2025-06-29 00:00:00+00:00,5.5195685490105735,0.0,6653.967710085245,-5.5195685490105735,2410.39,10.0,0.0,0.0,1.1794230551963838,352204.8762148268,264935.9825843496,0,2499.25,2499.25,2499.25,2499.25,0.0,2499.25,0.00014995,7603200.0,0.07087056608271358,1.0,1.1794230551963838,4069531.0244956417,20818495.312126733,0.0,0.0,0.9836272141374698,1.0,0.0,0.00014805448660800002,0.9836272141374698,13794.781696114676,6163.498848820165,0.0,81502.31861247291,101460.59915740775
2025-06-30 00:00:00+00:00,5.5195685490105735,0.0,6655.971757490228,-5.5195685490105735,2410.39,10.0,0.0,0.0,1.1795259481649252,352204.8762148268,264975.54920199205,0,2484.3,2484.3,2484.3,2484.3,0.0,2484.3,0.00014615,7516800.0,0.07395065475903229,1.0,1.1795259481649252,4225983.520053058,20381566.508372303,0.0,0.0,0.9831384798388283,1.0,0.0,0.00014933291820480002,0.9831384798388283,13712.264146306969,6248.020446032855,0.0,81290.61739167548,101250.9019840153
2025-07-01 00:00:00+00:00,5.5195685490105735,0.0,6657.073325711811,-5.5195685490105735,2410.39,10.0,0.0,0.0,1.1796417568689894,352204.8762148268,265098.281604395,0,2403.65,2403.65,2403.65,2403.65,0.0,2403.65,8.303e-05,7430400.0,0.07271962914019414,1.0,1.1796417568689894,4815460.798227732,23777591.322942812,0.0,0.0,0.9835964296527653,1.0,0.0,0.0004630766412672,0.9835964296527653,13267.110942829266,6694.275217732141,0.0,81329.17714680283,101290.56330736424
2025-07-02 00:00:00+00:00,5.178476103200595,0.0,6647.615478890662,-5.178476103200595,2569.37,10.0,0.0,0.0,1.1797505149107093,352204.8762148268,265162.77045500604,0,2569.37,2569.37,2569.37,2569.37,0.0,2569.37,0.00012052,7344000.0,0.07378472853535101,1.0,1.1797505149107093,5139292.63857971,24865227.469305184,0.0,0.0,0.9835582798261894,1.0,0.0,0.00024323434911359998,0.9835582798261894,13305.421145280512,6647.615478890662,0.0,81251.25174124498,101204.28836541616
2025-07-03 00:00:00+00:00,5.178476103200595,0.0,6650.863871549154,-5.178476103200595,2569.37,10.0,0.0,0.0,1.179865692535484,352204.8762148268,265235.48087295896,0,2590.17,2590.17,2590.17,2590.17,0.0,2590.17,0.00024218000000000002,7257600.0,0.07299256485855099,1.0,1.179865692535484,5949935.694985333,29226469.913861968,0.0,0.0,0.9839172275719534,1.0,0.0,0.00027417291903359997,0.9839172275719534,13413.133448227085,6543.151568602581,0.0,81304.96446965652,101261.2494864862
2025-07-04 00:00:00+00:00,5.178476103200595,0.0,6652.248111777386,-5.178476103200595,2569.37,10.0,0.0,0.0,1.1799930746160892,352204.8762148268,265269.727213884,0,2506.86,2506.86,2506.86,2506.86,0.0,2506.86,0.00010663,7171200.0,0.0728958534818005,1.0,1.1799930746160892,5942765.489900392,29245248.02250448,0.0,0.0,0.9841273307760806,1.0,0.0,0.0001291084062912,0.9841273307760806,12981.714604069442,6975.954652988454,0.0,81344.7175017334,101302.38675879128
2025-07-05 00:00:00+00:00,5.178476103200595,0.0,6653.668635947131,-5.178476103200595,2569.37,10.0,0.0,0.0,1.180120834849509,352204.8762148268,265303.8370296631,0,2515.25,2515.25,2515.25,2515.25,0.0,2515.25,0.00010905999999999999,7084800.0,0.0727415006449903,1.0,1.180120834849509,5927956.371157445,29258537.503699113,0.0,0.0,0.9843488766460862,1.0,0.0,0.0001285771403808,0.9843488766460862,13025.162018575296,6933.927762652347,0.0,81388.63722167554,101347.72700290318
2025-07-06 00:00:00+00:00,5.178476103200595,0.0,6656.148677479285,-5.178476103200595,2569.37,10.0,0.0,0.0,1.1802488649817944,352204.8762148268,265337.5098678332,0,2569.14,2569.14,2569.14,2569.14,0.0,2569.14,0.00018641,6998400.0,0.07251963625814106,1.0,1.1802488649817944,5930714.395216175,29396504.673087217,0.0,0.0,0.9845834538233795,1.0,0.0,0.000126913737168,0.9845834538233795,13304.230095776775,6657.339726983021,0.0,81437.58360919682,101399.15343195663
2025-07-07 00:00:00+00:00,5.178476103200595,0.0,6658.384501881112,-5.178476103200595,2569.37,10.0,0.0,0.0,1.180376125971576,352204.8762148268,265371.0520932818,0,2541.37,2541.37,2541.37,2541.37,0.0,2541.37,0.00016989000000000001,6912000.0,0.07268530358902692,1.0,1.180376125971576,5941736.381600179,29358141.350312416,0.0,0.0,0.9847389881879441,1.0,0.0,0.0001264054432032,0.9847389881879441,13160.423814390895,6803.381832770729,0.0,81458.82134536689,101422.6269925285
2025-07-08 00:00:00+00:00,5.178476103200595,0.0,6660.66429919936,-5.178476103200595,2569.37,10.0,0.0,0.0,1.1805060549030635,352204.8762148268,265440.98546608305,0,2613.97,2613.97,2613.97,2613.97,0.0,2613.97,0.00016842,6825600.0,0.07214087128786151,1.0,1.1805060549030635,6001711.830619697,29964433.724745966,0.0,0.0,0.9850365351657014,1.0,0.0,0.00026349580739520005,0.9850365351657014,13536.381179483256,6429.704264996614,0.0,81493.68546903477,101459.77091351464
2025-07-09 00:00:00+00:00,4.808719782258533,0.0,6649.37700058426,-4.808719782258533,2767.7,10.0,0.0,0.0,1.1806288993367058,352204.8762148268,265488.4338958826,0,2767.7,2767.7,2767.7,2767.7,0.0,2767.7,0.00017942,6739200.0,0.07400167157159476,1.0,1.1806288993367058,7177883.935328019,34586099.328229055,0.0,0.0,0.984859510448231,1.0,0.0,0.00017873724150720003,0.984859510448231,13309.093741356939,6649.37700058426,0.0,81383.88807053148,101342.35881247268
2025-07-10 00:00:00+00:00,4.508831856491363,0.0,6646.825951236166,-4.508831856491363,2950.62,10.0,0.0,0.0,1.1807251229903402,352204.8762148268,265525.61136521207,0,2950.62,2950.62,2950.62,2950.62,0.0,2950.62,0.00015995,6652800.0,0.08497693726630895,1.0,1.1807251229903402,8718137.17775447,34102020.73785592,0.0,0.0,0.98294162958763,1.0,0.0,0.000140024429568,0.98294162958763,13303.849452400545,6646.825951236166,0.0,80671.22361009929,100621.899013736
2025-07-11 00:00:00+00:00,4.508831856491363,0.0,6650.82564129059,-4.508831856491363,2950.62,10.0,0.0,0.0,1.1808890111168961,352204.8762148268,265562.81778155663,0,2956.93,2956.93,2956.93,2956.93,0.0,2956.93,0.00030000000000000003,6566400.0,0.08316074357794379,1.0,1.1808890111168961,8405865.790612992,34030330.80203645,0.0,0.0,0.9835043167321286,1.0,0.0,0.0001401138279936,0.9835043167321286,13332.300181415005,6622.37491227613,0.0,80832.19834983058,100786.8734435217
2025-07-12 00:00:00+00:00,4.508831856491363,0.0,6653.720198041826,-4.508831856491363,2950.62,10.0,0.0,0.0,1.18104014624961,352204.8762148268,265617.80581273144,0,2941.87,2941.87,2941.87,2941.87,0.0,2941.87,0.00021822,6480000.0,0.08572317350839542,1.0,1.18104014624961,8737743.259040305,33699948.3642126,0.0,0.0,0.9832420811651169,1.0,0.0,0.0002070408028032,0.9832420811651169,13264.397173656245,6693.172476786125,0.0,80684.84967323724,100642.41932367961
2025-07-13 00:00:00+00:00,4.508831856491363,0.0,6655.831320692527,-4.508831856491363,2950.62,10.0,0.0,0.0,1.1811924613660658,352204.8762148268,265685.9135328073,0,2970.37,2970.37,2970.37,2970.37,0.0,2970.37,0.00015763000000000002,6393600.0,0.08799185627099293,1.0,1.1811924613660658,9040165.877808837,33404507.67032029,0.0,0.0,0.98304755380502,1.0,0.0,0.0002563796110176,0.98304755380502,13392.898881566249,6566.781891526823,0.0,80548.22846837807,100507.90924147115
2025-07-14 00:00:00+00:00,4.508831856491363,0.0,6658.6832215651375,-4.508831856491363,2950.62,10.0,0.0,0.0,1.1813398081657336,352204.8762148268,265739.0652987366,0,3012.26,3012.26,3012.26,3012.26,0.0,3012.26,0.00020998000000000002,6307200.0,0.09179451021689111,1.0,1.1813398081657336,9606654.800480386,33043908.95843291,0.0,0.0,0.982588820842574,1.0,0.0,0.00020003488064640002,0.982588820842574,13581.773848034674,6380.758825931009,0.0,80333.50871619483,100296.0413901605
2025-07-15 00:00:00+00:00,4.241278081445209,0.0,6648.682094287361,-4.241278081445209,3137.62,10.0,0.0,0.0,1.181497645775329,352204.8762148268,265886.7125718445,0,3137.62,3137.62,3137.62,3137.62,0.0,3137.62,0.00026134,6220800.0,0.09198511814816657,1.0,1.181497645775329,9658304.153320268,33102713.355677895,0.0,0.0,0.9827914269323494,1.0,0.0,0.0005554556722079999,0.9827914269323494,13307.518933904117,6648.682094287361,0.0,80257.22029585665,100213.42132404813
2025-07-16 00:00:00+00:00,3.947028676071582,0.0,6646.676580773448,-3.947028676071582,3370.55,10.0,0.0,0.0,1.1816387595909787,352204.8762148268,265926.7609869882,0,3370.55,3370.55,3370.55,3370.55,0.0,3370.55,0.00030000000000000003,6134400.0,0.097765067115265,1.0,1.1816387595909787,10568366.573816849,32500072.711421043,0.0,0.0,0.9820194465261021,1.0,0.0,0.00015061075813439998,0.9820194465261021,13303.65750413307,6646.676580773448,0.0,79945.27661729034,99895.61070219686
2025-07-17 00:00:00+00:00,3.947028676071582,0.0,6650.793311947447,-3.947028676071582,3370.55,10.0,0.0,0.0,1.1818120091838535,352204.8762148268,265966.1152763474,0,3476.65,3476.65,3476.65,3476.65,0.0,3476.65,0.00030000000000000003,6048000.0,0.0930948408095238,1.0,1.1818120091838535,9349092.451481551,31380564.49840101,0.0,0.0,0.9830739018034085,1.0,0.0,0.00014797825346879998,0.9830739018034085,13722.437246664265,6232.013569416253,0.0,80277.30661834893,100231.75743442946
2025-07-18 00:00:00+00:00,3.751029400446229,0.0,6646.246895069094,-3.751029400446229,3546.36,10.0,0.0,0.0,1.1820776863043034,352204.8762148268,266018.539207979,0,3546.36,3546.36,3546.36,3546.36,0.0,3546.36,0.00030000000000000003,5961600.0,0.09715450994446351,1.0,1.1820776863043034,10119606.369669685,31477239.205719523,0.0,0.0,0.9826248259263015,1.0,0.0,0.0001970881353792,0.9826248259263015,13302.50062456649,6646.246895069094,0.0,80066.71597300982,100015.4634926454
2025-07-19 00:00:00+00:00,3.751029400446229,0.0,6650.288227887929,-3.751029400446229,3546.36,10.0,0.0,0.0,1.1823297347100727,352204.8762148268,266066.0215640401,0,3591.31,3591.31,3591.31,3591.31,0.0,3591.31,0.00030000000000000003,5875200.0,0.10234960264154114,1.0,1.1823297347100727,10987656.167289946,31017394.904287886,0.0,0.0,0.9820098571604038,1.0,0.0,0.00017847672978240001,0.9820098571604038,13471.109396116546,6481.679456337872,0.0,79802.63861887972,99755.42747133414
2025-07-20 00:00:00+00:00,3.541682215783069,0.0,6645.646217827916,-3.541682215783069,3755.67,10.0,0.0,0.0,1.1825649323437584,352204.8762148268,266103.8107896948,0,3755.67,3755.67,3755.67,3755.67,0.0,3755.67,0.00030000000000000003,5788800.0,0.11128237579845868,1.0,1.1825649323437584,12721939.791088818,30422657.169859342,0.0,0.0,0.9808179219947927,1.0,0.0,0.0001420194209472,0.9808179219947927,13301.389647349999,6645.646217827916,0.0,79345.04401576484,99292.07988094277
2025-07-21 00:00:00+00:00,3.541682215783069,0.0,6649.642255371798,-3.541682215783069,3755.67,10.0,0.0,0.0,1.1828104843393934,352204.8762148268,266144.2904487378,0,3760.96,3760.96,3760.96,3760.96,0.0,3760.96,0.00030000000000000003,5702400.0,0.11606624809926736,1.0,1.1828104843393934,14078450.176361611,30818810.010401733,0.0,0.0,0.9803397386018544,1.0,0.0,0.0001521082330848,0.9803397386018544,13320.125146271492,6630.906756450306,0.0,79136.14583400404,99087.17773672583
2025-07-22 00:00:00+00:00,3.541682215783069,0.0,6653.622408470941,-3.541682215783069,3755.67,10.0,0.0,0.0,1.183084355626236,352204.8762148268,266271.6692013196,0,3746.01,3746.01,3746.01,3746.01,0.0,3746.01,0.00030000000000000003,5616000.0,0.1099454830084512,1.0,1.183084355626236,13297961.158675564,32595720.220204562,0.0,0.0,0.9815955552646192,1.0,0.0,0.00047849337610560003,0.9815955552646192,13267.176997145534,6687.835058675405,0.0,79451.0718336798,99406.08388950073
2025-07-23 00:00:00+00:00,3.541682215783069,0.0,6657.476633517221,-3.541682215783069,3755.67,10.0,0.0,0.0,1.1833379889798012,352204.8762148268,266345.28376756946,0,3627.49,3627.49,3627.49,3627.49,0.0,3627.49,0.00030000000000000003,5529600.0,0.10701287221522593,1.0,1.1833379889798012,12981238.700727884,33597060.10135773,0.0,0.0,0.9823317063371598,1.0,0.0,0.0002764259241408,0.9823317063371598,12847.416820930925,7111.449459936295,0.0,79636.73326480953,99595.59954567676
2025-07-24 00:00:00+00:00,3.541682215783069,0.0,6661.4144883056615,-3.541682215783069,3755.67,10.0,0.0,0.0,1.1835335467261847,352204.8762148268,266463.18439542974,0,3706.2,3706.2,3706.2,3706.2,0.0,3706.2,0.00030000000000000003,5443200.0,0.12087107039984435,1.0,1.1835335467261847,17149780.066795573,34370131.76575034,0.0,0.0,0.9804976503776436,1.0,0.0,0.00044256289766399996,0.9804976503776436,13126.18262813521,6836.621507520451,0.0,78872.86918475677,98835.67332041243
2025-07-25 00:00:00+00:00,3.541682215783069,0.0,6665.371436302928,-3.541682215783069,3755.67,10.0,0.0,0.0,1.1838511362283555,352204.8762148268,266518.13506435533,0,3724.17,3724.17,3724.17,3724.17,0.0,3724.17,0.00030000000000000003,5356800.0,0.12328631096818876,1.0,1.1838511362283555,19568212.38274043,37518763.8945571,0.0,0.0,0.9804456798491922,1.0,0.0,0.00020620110729600003,0.9804456798491922,13189.826657552832,6776.934426100094,0.0,78799.61424229114,98766.37532594407
2025-07-26 00:00:00+00:00,3.541682215783069,0.0,6669.345203749036,-3.541682215783069,3755.67,10.0,0.0,0.0,1.1841635994594737,352204.8762148268,266614.2192159397,0,3740.0,3740.0,3740.0,3740.0,0.0,3740.0,0.00030000000000000003,5270400.0,0.1255853848505697,1.0,1.1841635994594737,20957294.816068284,38525996.75520764,0.0,0.0,0.9804229421320153,1.0,0.0,0.00036045140330879995,0.9804229421320153,13245.891487028677,6724.843364070357,0.0,78695.52175584307,98666.2566069421
2025-07-27 00:00:00+00:00,3.541682215783069,0.0,6673.211988502519,-3.541682215783069,3755.67,10.0,0.0,0.0,1.1844798321304015,352204.8762148268,266707.0291459033,0,3871.47,3871.47,3871.47,3871.47,0.0,3871.47,0.00028201,5184000.0,0.12395570625509,1.0,1.1844798321304015,21230896.78553898,40210098.846288614,0.0,0.0,0.9809743827429198,1.0,0.0,0.00034804512734399993,0.9809743827429198,13711.516447937678,6263.08518791484,0.0,78796.9318979829,98771.53353383542
2025-07-28 00:00:00+00:00,3.541682215783069,0.0,6677.245256209852,-3.541682215783069,3755.67,10.0,0.0,0.0,1.1847824486933627,352204.8762148268,266762.76232592633,0,3796.0,3796.0,3796.0,3796.0,0.0,3796.0,0.00030000000000000003,5097600.0,0.12499663946033679,1.0,1.1847824486933627,22572697.668614123,41944706.81963809,0.0,0.0,0.9811416672336901,1.0,0.0,0.0002089459651392,0.9811416672336901,13444.22569111253,6534.409212447322,0.0,78800.11713132431,98778.75203488416
2025-07-29 00:00:00+00:00,3.541682215783069,0.0,6680.534424477227,-3.541682215783069,3755.67,10.0,0.0,0.0,1.1851031636663356,352204.8762148268,266819.5988419204,0,3791.55,3791.55,3791.55,3791.55,0.0,3791.55,0.00024494,5011200.0,0.11928238181849826,1.0,1.1851031636663356,22227530.891271044,45860550.271028265,0.0,0.0,0.9822528230479576,1.0,0.0,0.0002130374628,0.9822528230479576,13428.465205252296,6553.45886657493,0.0,79134.6351113497,99116.55918317693
2025-07-30 00:00:00+00:00,3.541682215783069,0.0,6681.763416269331,-3.541682215783069,3755.67,10.0,0.0,0.0,1.1854318920313298,352204.8762148268,266876.4101537262,0,3808.67,3808.67,3808.67,3808.67,0.0,3808.67,9.111e-05,4924800.0,0.10731244139213914,1.0,1.1854318920313298,19834469.03557826,51024722.232179716,0.0,0.0,0.9842072836197232,1.0,0.0,0.0002128976460864,0.9842072836197232,13489.098804786501,6494.054258832828,0.0,79766.19434328942,99749.34740690875
2025-07-31 00:00:00+00:00,3.541682215783069,0.0,6683.593955319566,-3.541682215783069,3755.67,10.0,0.0,0.0,1.1856999073148429,352204.8762148268,266918.8331734921,0,3696.58,3696.58,3696.58,3696.58,0.0,3696.58,0.00013982,4838400.0,0.10634645753215821,1.0,1.1856999073148429,26545301.731852625,69520517.7033144,0.0,0.0,0.984614019927221,1.0,0.0,0.0001589486620032,0.984614019927221,13092.111645219376,6892.871957450187,0.0,79867.02583435777,99852.00943702733
2025-08-01 00:00:00+00:00,3.8205775059765417,0.24320813347821968,6655.406865953431,-3.8205775059765417,3486.42,10.0,0.0,0.0,1.1859911396926566,352204.8762148268,266970.28190473217,0,3486.42,3486.42,3486.42,3486.42,0.0,3486.42,2.223e-05,4752000.0,0.10500040689219503,1.0,1.1859911396926566,27644175.74974994,74226386.89732292,0.0,0.0,0.9850673712433834,1.0,0.0,0.0001927318986144,0.9850673712433834,13320.381036520212,6655.406865953431,0.0,79975.24964730855,99951.0375497822
2025-08-02 00:00:00+00:00,3.8205775059765417,0.24320813347821968,6657.275453834201,-3.8205775059765417,3486.42,10.0,0.0,0.0,1.1862867386307097,352204.8762148268,267030.3922773932,0,3392.42,3392.42,3392.42,3392.42,0.0,3392.42,0.00014417,4665600.0,0.10203409273444808,1.0,1.1862867386307097,27495027.212319605,78002887.11951123,0.0,0.0,0.9857288047459497,1.0,0.0,0.00022513219859519998,0.9857288047459497,12961.246750958417,7016.4097393959955,0.0,80148.09937954322,100125.75586989764
2025-08-03 00:00:00+00:00,3.8205775059765417,0.24320813347821968,6659.445570129868,-3.8205775059765417,3486.42,10.0,0.0,0.0,1.186567234996655,352204.8762148268,267090.51735468884,0,3495.0,3495.0,3495.0,3495.0,0.0,3495.0,0.00016251999999999998,4579200.0,0.10190781080177702,1.0,1.186567234996655,27462595.10574117,78093972.86734653,0.0,0.0,0.986007633282326,1.0,0.0,0.0002251365803712,0.986007633282326,13353.16159152149,6626.66501512859,0.0,80186.17907238717,100166.00567903725
2025-08-04 00:00:00+00:00,3.5804450805108043,0.0,6653.481931339314,-3.5804450805108043,3719.42,10.0,0.0,0.0,1.1868380309536404,352204.8762148268,267150.73281764326,0,3719.42,3719.42,3719.42,3719.42,0.0,3719.42,6.443e-05,4492800.0,0.10348422392423773,1.0,1.1868380309536404,28232191.971781153,77968081.34842679,0.0,0.0,0.9860689672698966,1.0,0.0,0.0002254242374208,0.9860689672698966,13317.179041353496,6653.481931339314,0.0,80147.56573893281,100118.22671162563
2025-08-05 00:00:00+00:00,3.5804450805108043,0.0,6654.080796951192,-3.5804450805108043,3719.42,10.0,0.0,0.0,1.1871225283398463,352204.8762148268,267203.8093089462,0,3610.19,3610.19,3610.19,3610.19,0.0,3610.19,4.633e-05,4406400.0,0.10174218236797805,1.0,1.1871225283398463,27813683.8894431,79335011.71427041,0.0,0.0,0.9865527963313203,1.0,0.0,0.000198656462304,0.9865527963313203,12926.087025209301,7045.172813095387,0.0,80264.89620231773,100236.15604062242
2025-08-06 00:00:00+00:00,3.5804450805108043,0.0,6656.302875569081,-3.5804450805108043,3719.42,10.0,0.0,0.0,1.1874221629775479,352204.8762148268,267271.1777344368,0,3681.21,3681.21,3681.21,3681.21,0.0,3681.21,0.00016858999999999998,4320000.0,0.1000379806649141,1.0,1.1874221629775479,27516249.19253445,81011088.5891774,0.0,0.0,0.987024004891727,1.0,0.0,0.00025209196868159996,0.987024004891727,13180.370234827178,6793.111682095399,0.0,80363.48972951656,100336.97164643914
2025-08-07 00:00:00+00:00,3.406586581636957,0.0,6652.151737507959,-3.406586581636957,3908.4,10.0,0.0,0.0,1.1877050084376226,352204.8762148268,267323.86975500407,0,3908.4,3908.4,3908.4,3908.4,0.0,3908.4,0.00020512,4233600.0,0.10065299526239957,1.0,1.1877050084376226,27481176.529807918,79989001.90821554,0.0,0.0,0.9872077901949484,1.0,0.0,0.00019712872756800002,0.9872077901949484,13314.302995669883,6652.151737507959,0.0,80375.5277889205,100341.98252209835
2025-08-08 00:00:00+00:00,3.406586581636957,0.0,6655.464968389817,-3.406586581636957,3908.4,10.0,0.0,0.0,1.1878467022684822,352204.8762148268,267375.27992691536,0,4009.05,4009.05,4009.05,4009.05,0.0,4009.05,0.00024260000000000002,4147200.0,0.1044864049744012,1.0,1.1878467022684822,29896957.169592634,81051156.7203291,0.0,0.0,0.9870158233680574,1.0,0.0,0.0001922956941312,0.9870158233680574,13657.175935111643,6312.592028948057,0.0,80256.50596450665,100226.27392856636
2025-08-09 00:00:00+00:00,3.1257061373551855,0.0,6651.089912601254,-3.1257061373551855,4259.1,10.0,0.0,0.0,1.187980778895368,352204.8762148268,267426.53331229335,0,4259.1,4259.1,4259.1,4259.1,0.0,4259.1,0.00030000000000000003,4060800.0,0.11057091460219692,1.0,1.187980778895368,32889214.525630087,79690635.19774966,0.0,0.0,0.9865864229893274,1.0,0.0,0.00019167244488,0.9865864229893274,13312.695009609472,6651.089912601254,0.0,80054.01567189151,100017.80059410224
2025-08-10 00:00:00+00:00,3.1257061373551855,0.0,6655.062878999386,-3.1257061373551855,4259.1,10.0,0.0,0.0,1.188101475481762,352204.8762148268,267471.0136429754,0,4248.77,4248.77,4248.77,4248.77,0.0,4248.77,0.00029916000000000003,3974400.0,0.12077740509305879,1.0,1.188101475481762,37976926.870788224,76314634.19490023,0.0,0.0,0.9857327891877838,1.0,0.0,0.00016631345960640002,0.9857327891877838,13280.406465210594,6687.351423398265,0.0,79708.88135380397,99676.63924241283
2025-08-11 00:00:00+00:00,3.1257061373551855,0.0,6658.787311564581,-3.1257061373551855,4259.1,10.0,0.0,0.0,1.1882709208235442,352204.8762148268,267530.4137648828,0,4221.31,4221.31,4221.31,4221.31,0.0,4221.31,0.00028227,3888000.0,0.11406803980960456,1.0,1.1882709208235442,34893891.24441116,79283026.47682613,0.0,0.0,0.9867709687149712,1.0,0.0,0.00022205593895040002,0.9867709687149712,13194.57457467882,6776.907746495233,0.0,80015.13312375842,99986.61544493248
2025-08-12 00:00:00+00:00,2.900923446516793,0.0,6651.443059497732,-2.900923446516793,4589.31,10.0,0.0,0.0,1.1884070611279967,352204.8762148268,267581.5035993234,0,4589.31,4589.31,4589.31,4589.31,0.0,4589.31,0.00023659,3801600.0,0.11834985187310343,1.0,1.1884070611279967,36275945.56213668,76206188.63544269,0.0,0.0,0.9866066989405341,1.0,0.0,0.000190950090768,0.9866066989405341,13313.236982333985,6651.443059497732,0.0,79906.18667374633,99870.86671557804
2025-08-13 00:00:00+00:00,2.900923446516793,0.0,6655.575456857453,-2.900923446516793,4589.31,10.0,0.0,0.0,1.1885333563577678,352204.8762148268,267640.5229027869,0,4748.37,4748.37,4748.37,4748.37,0.0,4748.37,0.00030000000000000003,3715200.0,0.12367117780507608,1.0,1.1885333563577678,38921565.86303826,74199181.2368139,0.0,0.0,0.9863573409522809,1.0,0.0,0.000220541385744,0.9863573409522809,13774.657865736945,6194.154573454493,0.0,79759.34227089694,99728.15471008839
2025-08-14 00:00:00+00:00,2.900923446516793,0.0,6659.531092248808,-2.900923446516793,4589.31,10.0,0.0,0.0,1.1886832323454208,352204.8762148268,267699.74771070643,0,4545.26,4545.26,4545.26,4545.26,0.0,4545.26,0.00030000000000000003,3628800.0,0.11955587770410969,1.0,1.1886832323454208,35224964.34504276,72383512.05284417,0.0,0.0,0.9870891464623027,1.0,0.0,0.000221260425984,0.9870891464623027,13185.45130451492,6787.316770067873,0.0,79957.86293204798,99930.63100663078
2025-08-15 00:00:00+00:00,2.900923446516793,0.0,6662.908539982531,-2.900923446516793,4589.31,10.0,0.0,0.0,1.188915300472434,352204.8762148268,267735.40585067705,0,4437.16,4437.16,4437.16,4437.16,0.0,4437.16,0.00026239,3542400.0,0.11826542570419885,1.0,1.188915300472434,34461177.61104551,72502622.90627575,0.0,0.0,0.987522527264334,1.0,0.0,0.0001331931225888,0.987522527264334,12871.861479946452,7104.284042370063,0.0,80074.84362381062,100050.98914612713
2025-08-16 00:00:00+00:00,2.900923446516793,0.0,6665.078785314903,-2.900923446516793,4589.31,10.0,0.0,0.0,1.1891286137757968,352204.8762148268,267785.5133167109,0,4420.22,4420.22,4420.22,4420.22,0.0,4420.22,0.00016925000000000002,3456000.0,0.12382002114223223,1.0,1.1891286137757968,36270336.30261831,68962762.57924864,0.0,0.0,0.9872887541454177,1.0,0.0,0.0001871354204352,0.9872887541454177,12822.719836762459,7155.5959308864285,0.0,79942.40012536658,99920.71589301547
2025-08-17 00:00:00+00:00,2.900923446516793,0.0,6666.2894454243815,-2.900923446516793,4589.31,10.0,0.0,0.0,1.1893648398275567,352204.8762148268,267845.9099138106,0,4470.66,4470.66,4470.66,4470.66,0.0,4470.66,9.335e-05,3369600.0,0.12143493103317637,1.0,1.1893648398275567,35205895.09817747,69908105.88148528,0.0,0.0,0.987828776995204,1.0,0.0,0.00022551551210879997,0.987828776995204,12969.042415404765,7010.4840123536005,0.0,80072.202209229,100051.72863698736
2025-08-18 00:00:00+00:00,3.0887664008933373,0.20258331707918842,6654.302102498111,-3.0887664008933373,4311.73,10.0,0.0,0.0,1.1896111926512007,352204.8762148268,267901.854524157,0,4311.73,4311.73,4311.73,4311.73,0.0,4311.73,0.00018782,3283200.0,0.11556172592290026,1.0,1.1896111926512007,32521880.61657572,71885976.88029517,0.0,0.0,0.9886793428607686,1.0,0.0,0.00020884682779199998,0.9886793428607686,13318.129337040908,6654.302102498111,0.0,80315.83104427636,100288.26248381537
2025-08-19 00:00:00+00:00,3.2681309252957993,0.18277146336549777,6652.424691644155,-3.2681309252957993,4073.94,10.0,0.0,0.0,1.1898691671080113,352204.8762148268,267960.29170253,0,4073.94,4073.94,4073.94,4073.94,0.0,4073.94,0.00030000000000000003,3196800.0,0.10569351790758996,1.0,1.1898691671080113,28506839.148895506,75528894.85962433,0.0,0.0,0.989866781030222,1.0,0.0,0.00021810526836480001,0.989866781030222,13314.352073262935,6652.424691644155,0.0,80675.61537938844,100642.39214429553
2025-08-20 00:00:00+00:00,3.0706448592634508,0.0,6649.768671012238,-3.0706448592634508,4334.5,10.0,0.0,0.0,1.190087357931885,352204.8762148268,267998.0211659751,0,4334.5,4334.5,4334.5,4334.5,0.0,4334.5,0.00019388,3110400.0,0.10944724022650254,1.0,1.190087357931885,30006960.003604528,74196367.47730294,0.0,0.0,0.9898083758235062,1.0,0.0,0.00014079253032,0.9898083758235062,13309.710142477428,6649.768671012238,0.0,80617.31531734171,100576.79413083137
2025-08-21 00:00:00+00:00,3.0706448592634508,0.0,6651.682318183453,-3.0706448592634508,4334.5,10.0,0.0,0.0,1.190314849293792,352204.8762148268,268041.1193762937,0,4223.7,4223.7,4223.7,4223.7,0.0,4223.7,0.00014755,3024000.0,0.1100673263568519,1.0,1.190314849293792,29474876.545762185,72054990.28019759,0.0,0.0,0.9900370218409819,1.0,0.0,0.0001608024756096,0.9900370218409819,12969.482692071037,6991.909768589844,0.0,80654.74734930514,100616.13980996601
2025-08-22 00:00:00+00:00,2.754658090471589,0.0,6647.588627501274,-2.754658090471589,4830.37,10.0,0.0,0.0,1.1905406730875485,352204.8762148268,268090.1703860615,0,4830.37,4830.37,4830.37,4830.37,0.0,4830.37,0.0001905,2937600.0,0.12320173776204935,1.0,1.1905406730875485,33597227.038465045,64621225.76345205,0.0,0.0,0.9892357990321428,1.0,0.0,0.00018298133625600002,0.9892357990321428,13306.017800471249,6647.588627501274,0.0,80323.5017593297,100277.10818730222
2025-08-23 00:00:00+00:00,2.754658090471589,0.0,6651.53654287406,-2.754658090471589,4830.37,10.0,0.0,0.0,1.1907358982123866,352204.8762148268,268146.06438773155,0,4777.26,4777.26,4777.26,4777.26,0.0,4777.26,0.00030000000000000003,2851200.0,0.1294396341448294,1.0,1.1907358982123866,36407774.96045983,62546382.2634462,0.0,0.0,0.9890553655848949,1.0,0.0,0.0002084678290944,0.9890553655848949,13159.717909286304,6797.836434059005,0.0,80204.05821770668,100161.612561052
2025-08-24 00:00:00+00:00,2.754658090471589,0.0,6655.4853342281185,-2.754658090471589,4830.37,10.0,0.0,0.0,1.1910054515950668,352204.8762148268,268202.05498618184,0,4778.32,4778.32,4778.32,4778.32,0.0,4778.32,0.00030000000000000003,2764800.0,0.12712891291258388,1.0,1.1910054515950668,35475204.06389051,63543985.02460912,0.0,0.0,0.9895629150241427,1.0,0.0,0.00020878454358720002,0.9895629150241427,13162.637846862202,6798.865287837165,0.0,80326.82900667953,100288.3321413789
2025-08-25 00:00:00+00:00,3.041694298353756,0.3140490576115553,6647.908846337358,-3.041694298353756,4374.25,10.0,0.0,0.0,1.191288433115385,352204.8762148268,268258.0409265347,0,4374.25,4374.25,4374.25,4374.25,0.0,4374.25,0.00011231,2678400.0,0.12064783872406148,1.0,1.191288433115385,32677602.01893075,65832113.432216585,0.0,0.0,0.99037235686456,1.0,0.0,0.0002087235974592,0.99037235686456,13305.44533363153,6647.908846337358,0.0,80555.93242953398,100509.28660950286
2025-08-26 00:00:00+00:00,2.892058086362426,0.0,6644.551359399789,-2.892058086362426,4598.49,10.0,0.0,0.0,1.1915513704895415,352204.8762148268,268313.97368672927,0,4598.49,4598.49,4598.49,4598.49,0.0,4598.49,1.37e-05,2592000.0,0.12097037469957206,1.0,1.1915513704895415,32771714.737955965,65635721.28071109,0.0,0.0,0.990658042683052,1.0,0.0,0.0002084818398048,0.990658042683052,13299.100189556752,6644.551359399789,0.0,80600.61960767768,100544.27115663423
2025-08-27 00:00:00+00:00,2.892058086362426,0.0,6645.237427516085,-2.892058086362426,4598.49,10.0,0.0,0.0,1.19182488472448,352204.8762148268,268369.92465300806,0,4504.84,4504.84,4504.84,4504.84,0.0,4504.84,5.266e-05,2505600.0,0.11741732374470737,1.0,1.19182488472448,31171190.08485195,66598470.74007493,0.0,0.0,0.9912180168634255,1.0,0.0,0.0002085062236992,0.9912180168634255,13028.258949768911,6916.078667303925,0.0,80741.89427828084,100686.23189535367
2025-08-28 00:00:00+00:00,2.892058086362426,0.0,6646.643593162294,-2.892058086362426,4598.49,10.0,0.0,0.0,1.1920692560424373,352204.8762148268,268427.5908450968,0,4509.1,4509.1,4509.1,4509.1,0.0,4509.1,0.00010783,2419200.0,0.1250324394585769,1.0,1.1920692560424373,34315600.16191048,63849526.03065133,0.0,0.0,0.9910030936331926,1.0,0.0,0.00021485267962560001,0.9910030936331926,13040.579117216817,6905.16466550223,0.0,80608.53107649222,100554.27485921126
2025-08-29 00:00:00+00:00,3.0501568246997426,0.17236044668698014,6642.629923873374,-3.0501568246997426,4358.65,10.0,0.0,0.0,1.1923696019827488,352204.8762148268,268484.2080036196,0,4358.65,4358.65,4358.65,4358.65,0.0,4358.65,8.205e-05,2332800.0,0.12312383354279888,1.0,1.1923696019827488,32837886.92458582,63248183.59598413,0.0,0.0,0.9914475318707173,1.0,0.0,0.0002108992905504,0.9914475318707173,13294.738404424217,6642.629923873374,0.0,80708.44723240193,100645.81556069953
2025-08-30 00:00:00+00:00,3.0501568246997426,0.17236044668698014,6643.578196035062,-3.0501568246997426,4358.65,10.0,0.0,0.0,1.19266284077976,352204.8762148268,268543.9496037978,0,4372.0,4372.0,4372.0,4372.0,0.0,4372.0,7.110999999999999e-05,2246400.0,0.12352487953547908,1.0,1.19266284077976,32895753.86537121,62901038.08729362,0.0,0.0,0.9917377601572479,1.0,0.0,0.00022248963887039997,0.9917377601572479,13335.457998033962,6602.85860242532,0.0,80750.92544995534,100689.24205041461
2025-08-31 00:00:00+00:00,3.0501568246997426,0.17236044668698014,6643.979729367826,-3.0501568246997426,4358.65,10.0,0.0,0.0,1.1929585548782045,352204.8762148268,268597.36608117225,0,4389.58,4389.58,4389.58,4389.58,0.0,4389.58,2.9990000000000003e-05,2160000.0,0.12306425780862984,1.0,1.1929585548782045,32711317.816912282,63072384.458986856,0.0,0.0,0.9920821364400418,1.0,0.0,0.0001988917105824,0.9920821364400418,13389.079755012182,6549.638378779861,0.0,80818.79997863364,100757.51811242569
2025-09-01 00:00:00+00:00,3.0501568246997426,0.17236044668698014,6643.5466560232335,-3.0501568246997426,4358.65,10.0,0.0,0.0,1.193268707067521,352204.8762148268,268654.0996994527,0,4313.0,4313.0,4313.0,4313.0,0.0,4313.0,-3.292e-05,2073600.0,0.11759716180202706,1.0,1.193268707067521,30462488.38383263,64861960.958656974,0.0,0.0,0.9927161261215055,1.0,0.0,0.00021119949262080002,0.9927161261215055,13155.498745376677,6782.786315070775,0.0,80985.36061763455,100923.645678082
2025-09-02 00:00:00+00:00,3.0501568246997426,0.17236044668698014,6644.726562143725,-3.0501568246997426,4358.65,10.0,0.0,0.0,1.1935498236216937,352204.8762148268,268711.4364434023,0,4324.59,4324.59,4324.59,4324.59,0.0,4324.59,8.945e-05,1987200.0,0.12190073027185333,1.0,1.1935498236216937,32020526.52911581,63057018.78790724,0.0,0.0,0.9927780958807703,1.0,0.0,0.0002133994099392,0.9927780958807703,13190.850062974947,6748.614903592997,0.0,80949.84992507583,100889.31489164378
2025-09-03 00:00:00+00:00,3.0501568246997426,0.17236044668698014,6645.387990862524,-3.0501568246997426,4358.65,10.0,0.0,0.0,1.1938496585154441,352204.8762148268,268768.12760213914,0,4448.22,4448.22,4448.22,4448.22,0.0,4448.22,4.874999999999999e-05,1900800.0,0.11981367334134396,1.0,1.1938496585154441,36932811.997286975,75534184.01087505,0.0,0.0,0.9932024665886692,1.0,0.0,0.0002109518677152,0.9932024665886692,13567.940951212579,6372.185444074166,0.0,81042.62419898377,100982.75059427052
2025-09-04 00:00:00+00:00,3.0501568246997426,0.17236044668698014,6645.096067214465,-3.0501568246997426,4358.65,10.0,0.0,0.0,1.1941624553192869,352204.8762148268,268824.83983031474,0,4295.68,4295.68,4295.68,4295.68,0.0,4295.68,-2.228e-05,1814400.0,0.11328487858869085,1.0,1.1941624553192869,32525409.76688684,74905770.76656517,0.0,0.0,0.9938447343516378,1.0,0.0,0.0002109857524992,0.9938447343516378,13102.670029172878,6837.164442465805,0.0,81212.12180876132,101151.9562804
2025-09-05 00:00:00+00:00,3.0501568246997426,0.17236044668698014,6644.2910087519995,-3.0501568246997426,4358.65,10.0,0.0,0.0,1.1944188863704273,352204.8762148268,268881.5557227525,0,4305.71,4305.71,4305.71,4305.71,0.0,4305.71,-6.13e-05,1728000.0,0.12563030015093712,1.0,1.1944188863704273,38152951.45488213,70239023.50989093,0.0,0.0,0.9935364234395303,1.0,0.0,0.0002109548746944,0.9935364234395303,13133.263102124616,6805.766311051602,0.0,81046.81730968901,100985.84672286523
2025-09-06 00:00:00+00:00,3.0501568246997426,0.17236044668698014,6645.061302410912,-3.0501568246997426,4358.65,10.0,0.0,0.0,1.1946864199749418,352204.8762148268,268934.8182219883,0,4271.69,4271.69,4271.69,4271.69,0.0,4271.69,5.912e-05,1641600.0,0.12823019213940912,1.0,1.1946864199749418,36753847.974293895,64565705.63840362,0.0,0.0,0.9937392590832067,1.0,0.0,0.0001980694600992,0.9937392590832067,13029.49676694833,6910.302939886801,0.0,81064.99451322627,101004.79422006139
2025-09-07 00:00:00+00:00,3.0501568246997426,0.17236044668698014,6647.452981039043,-3.0501568246997426,4358.65,10.0,0.0,0.0,1.194842865130047,352204.8762148268,268991.5746255253,0,4303.84,4303.84,4303.84,4303.84,0.0,4303.84,0.00018219,1555200.0,0.13294422083543722,1.0,1.194842865130047,38917968.23044716,62818809.72884362,0.0,0.0,0.9938634117507696,1.0,0.0,0.0002110192193664,0.9938634117507696,13127.559308862426,6814.632076600835,0.0,81051.96528460004,100994.1566700633
2025-09-08 00:00:00+00:00,3.0501568246997426,0.17236044668698014,6649.251622831123,-3.0501568246997426,4358.65,10.0,0.0,0.0,1.1950265694908642,352204.8762148268,269048.3063008928,0,4303.98,4303.98,4303.98,4303.98,0.0,4303.98,0.00013701000000000002,1468800.0,0.12816943205969422,1.0,1.1950265694908642,36756611.79765653,64639342.25699422,0.0,0.0,0.9943989286336616,1.0,0.0,0.0002108827898784,0.9943989286336616,13127.986330817883,6816.0036964374585,0.0,81183.84526668245,101127.8352939378
2025-09-09 00:00:00+00:00,3.0501568246997426,0.17236044668698014,6652.057420868245,-3.0501568246997426,4358.65,10.0,0.0,0.0,1.1951752593694338,352204.8762148268,269105.0553751947,0,4308.4,4308.4,4308.4,4308.4,0.0,4308.4,0.00021351,1382400.0,0.13531599261125704,1.0,1.1951752593694338,38137066.103218004,59003126.38791379,0.0,0.0,0.9944522232827627,1.0,0.0,0.0002109029825088,0.9944522232827627,13141.468023983056,6805.327801309407,0.0,81145.86682767008,101092.66265296254
2025-09-10 00:00:00+00:00,3.0501568246997426,0.17236044668698014,6655.369628929825,-3.0501568246997426,4358.65,10.0,0.0,0.0,1.1953435222115838,352204.8762148268,269161.72651150275,0,4347.83,4347.83,4347.83,4347.83,0.0,4347.83,0.00024976,1296000.0,0.1354149041457171,1.0,1.1953435222115838,37779909.527872555,58347419.523433775,0.0,0.0,0.9947944942676067,1.0,0.0,0.00021056895362879998,0.9947944942676067,13261.735707580967,6688.372325773075,0.0,81209.7452012109,101159.85323456494
2025-09-11 00:00:00+00:00,3.0501568246997426,0.17236044668698014,6658.066974606297,-3.0501568246997426,4358.65,10.0,0.0,0.0,1.1955187356096535,352204.8762148268,269219.1940003819,0,4456.86,4456.86,4456.86,4456.86,0.0,4456.86,0.00019842,1209600.0,0.1353710268042101,1.0,1.1955187356096535,37781482.32058409,58396027.148774624,0.0,0.0,0.9951421584667076,1.0,0.0,0.00021348263620800002,0.9951421584667076,13594.29430617798,6358.511072852535,0.0,81274.7267385404,101227.53211757091
2025-09-12 00:00:00+00:00,2.8234724522499968,0.0,6645.260115789009,-2.8234724522499968,4710.83,10.0,0.0,0.0,1.195757099317174,352204.8762148268,269276.0494290913,0,4710.83,4710.83,4710.83,4710.83,0.0,4710.83,0.00024858,1123200.0,0.13533763293558976,1.0,1.195757099317174,37580526.5330719,58120601.72897475,0.0,0.0,0.9954894060299023,1.0,0.0,0.00021116408961600002,0.9954894060299023,13300.898732232852,6645.260115789009,0.0,81340.17359484197,101286.33244286383
2025-09-13 00:00:00+00:00,2.8234724522499968,0.0,6649.186979340041,-2.8234724522499968,4710.83,10.0,0.0,0.0,1.1959803549356123,352204.8762148268,269320.60384578904,0,4664.74,4664.74,4664.74,4664.74,0.0,4664.74,0.00029815,1036800.0,0.1397076647061679,1.0,1.1959803549356123,39468082.410263814,56467155.412747614,0.0,0.0,0.9957098822733823,1.0,0.0,0.00016544631879359997,0.9957098822733823,13170.76488690865,6779.320824664243,0.0,81373.27198618738,101323.35769776028
2025-09-14 00:00:00+00:00,2.8234724522499968,0.0,6651.036621179106,-2.8234724522499968,4710.83,10.0,0.0,0.0,1.1962149183336053,352204.8762148268,269364.36201694456,0,4602.0,4602.0,4602.0,4602.0,0.0,4602.0,0.00014235,950400.0,0.1389504176786973,1.0,1.1962149183336053,39139669.35469414,56758068.47912417,0.0,0.0,0.9960866397702908,1.0,0.0,0.00016246293854400002,0.9960866397702908,12993.620225254484,6958.315128157473,0.0,81462.20964259352,101414.14499600547
2025-09-15 00:00:00+00:00,2.8234724522499968,0.0,6653.274834076624,-2.8234724522499968,4710.83,10.0,0.0,0.0,1.196462227862275,352204.8762148268,269406.80460085295,0,4521.54,4521.54,4521.54,4521.54,0.0,4521.54,0.00017532,864000.0,0.13339293667559415,1.0,1.196462227862275,36705897.07836759,58768448.836238414,0.0,0.0,0.9965753096545981,1.0,0.0,0.0001575532865376,0.9965753096545981,12766.44363174645,7187.729934563025,0.0,81591.8789747975,101546.05254110697
2025-09-16 00:00:00+00:00,2.8234724522499968,0.0,6654.6853547761175,-2.8234724522499968,4710.83,10.0,0.0,0.0,1.1966757100426548,352204.8762148268,269463.70073980925,0,4499.41,4499.41,4499.41,4499.41,0.0,4499.41,0.00011103,777600.0,0.13932909160544904,1.0,1.1966757100426548,38804587.43952032,55894731.47825966,0.0,0.0,0.9967888485716261,1.0,0.0,0.0002111681326176,0.9967888485716261,12703.960186378157,7251.623900630812,0.0,81610.19228368008,101565.77637068905
2025-09-17 00:00:00+00:00,2.8234724522499968,0.0,6656.263654952171,-2.8234724522499968,4710.83,10.0,0.0,0.0,1.196914186719218,352204.8762148268,269520.4949643223,0,4588.3,4588.3,4588.3,4588.3,0.0,4588.3,0.00012182999999999999,691200.0,0.13739337601208912,1.0,1.196914186719218,37958570.58772183,56589551.67085951,0.0,0.0,0.9971822975890968,1.0,0.0,0.00021074541768,0.9971822975890968,12954.93865265866,7002.223734526363,0.0,81691.97272166214,101649.13510884717
2025-09-18 00:00:00+00:00,2.8234724522499968,0.0,6657.741238594295,-2.8234724522499968,4710.83,10.0,0.0,0.0,1.1971180770355179,352204.8762148268,269577.5446418107,0,4585.31,4585.31,4585.31,4585.31,0.0,4585.31,0.00011412999999999999,604800.0,0.14660974981637298,1.0,1.1971180770355179,41912321.67822451,53072067.61153649,0.0,0.0,0.9973796943169314,1.0,0.0,0.000211648618656,0.9973796943169314,12946.496470026434,7012.143500800714,0.0,81704.44713426597,101663.08710509312
2025-09-19 00:00:00+00:00,2.9782927875039675,0.1729623509781959,6646.601595995938,-2.9782927875039675,4466.49,10.0,0.0,0.0,1.1973522724806485,352204.8762148268,269634.4472670738,0,4466.49,4466.49,4466.49,4466.49,0.0,4466.49,5.17e-06,518400.0,0.1484889360153161,1.0,1.1973522724806485,42284116.56783866,51802358.38629112,0.0,0.0,0.9977267448681274,1.0,0.0,0.00021105845688960002,0.9977267448681274,13302.687914809574,6646.601595995938,0.0,81769.77740542713,101719.06691623264
2025-09-20 00:00:00+00:00,2.9782927875039675,0.1729623509781959,6646.498362977809,-2.9782927875039675,4466.49,10.0,0.0,0.0,1.1975897007721872,352204.8762148268,269684.68087603565,0,4478.27,4478.27,4478.27,4478.27,0.0,4478.27,-7.739999999999997e-06,432000.0,0.14868420524347692,1.0,1.1975897007721872,42115320.16553791,51415080.25906899,0.0,0.0,0.998102937073272,1.0,0.0,0.00018628528633919997,0.998102937073272,13337.772203846373,6611.41407394101,0.0,81852.0405255112,101801.22680329857
2025-09-21 00:00:00+00:00,2.9782927875039675,0.1729623509781959,6647.225493503656,-2.9782927875039675,4466.49,10.0,0.0,0.0,1.1978692611100912,352204.8762148268,269735.00167732785,0,4443.01,4443.01,4443.01,4443.01,0.0,4443.01,5.4949999999999994e-05,345600.0,0.13434602611614133,1.0,1.1978692611100912,34170457.12677393,53771196.930730164,0.0,0.0,0.9986195148824607,1.0,0.0,0.0001865738424672,0.9986195148824607,13232.757600158982,6717.155808154248,0.0,81983.66094755963,101933.57435587287
2025-09-22 00:00:00+00:00,3.168191289794946,0.19934402909530036,6643.573888890636,-3.168191289794946,4196.86,10.0,0.0,0.0,1.198075207470889,352204.8762148268,269792.09669099917,0,4196.86,4196.86,4196.86,4196.86,0.0,4196.86,-2.061e-05,259200.0,0.14504899224119194,1.0,1.198075207470889,35610817.684938304,46355100.357833534,0.0,0.0,0.9988873529520148,1.0,0.0,0.0002116483641216,0.9988873529520148,13296.65464051791,6643.573888890636,0.0,82020.89980802126,101961.12833742981
2025-09-23 00:00:00+00:00,3.168191289794946,0.19934402909530036,6643.99744904141,-3.168191289794946,4196.86,10.0,0.0,0.0,1.198310071201975,352204.8762148268,269842.8780992124,0,4162.25,4162.25,4162.25,4162.25,0.0,4162.25,3.212e-05,172800.0,0.14582854844820292,1.0,1.198310071201975,34525735.88257169,44330401.05503302,0.0,0.0,0.9992543712787165,1.0,0.0,0.0001882065126816,0.9992543712787165,13187.00353997811,6753.648549581212,0.0,82099.38404413254,102040.03613369187
2025-09-24 00:00:00+00:00,3.168191289794946,0.19934402909530036,6643.744450552124,-3.168191289794946,4196.86,10.0,0.0,0.0,1.198310071201975,352204.8762148268,269893.9676021872,0,4150.51,4150.51,4150.51,4150.51,0.0,4150.51,-1.924e-05,86400.0,0.37164770357045507,1.0,1.1979596258966716,80126444.11359237,2784534.505619068,0.0,0.0,0.999134586411164,1.0,0.0,0.0001893126383136,0.999134586411164,13149.808974235917,6790.590116834119,0.0,82006.10572670907,101946.5048177791
2025-09-25 00:00:00+00:00,0.0,12264.785667691649,7664.3596991070945,,,,0.0,82259.80943686067,1.198997254413618,0.0,0.0,0,3873.1,3873.1,3873.1,3873.1,0.0,3873.1,-6.712000000000001e-05,0.0,0.37164770357045507,1.0,1.198997254413618,80126444.11359237,2784534.505619068,0.0,0.0,1.0,1.0,0.0,0.0001893126383136,1.0,12264.785667691649,7664.3596991070945,82259.80943686067,0.0,102188.9548036594
