timestamp,PT_amount,PT_cash,PT_py_index_high,LENDING_collateral,LENDING_borrowed,LENDING_liquidation_count,PT_seconds_to_expiry,PT_implied_apy,PT_asset_price,PT_sy_exchange_rate,PT_total_pt,PT_total_sy,PT_scalar_root,PT_ln_fee_rate_root,LENDING_collateral_price,LENDING_debt_price,LENDING_lending_rate,LENDING_borrowing_rate,LENDING_collateral_market_price,PT_balance,LENDING_balance,net_balance
2026-03-12 00:00:00+00:00,0.0,0.0,1.2233438349876424,435015.90876104764,332677.6710339297,0,4838400.0,0.03700470901859254,1.0,1.2233438349876424,2629297.2791069774,18562434.993296813,0.0,0.0,0.9944406004737046,1.0,0.0,0.00010020513706559999,0.9944406004737046,0.0,99919.81049002084,99919.81049002084
2026-03-13 00:00:00+00:00,0.0,0.0,1.2234580579820957,435015.90876104764,332710.756660088,0,4752000.0,0.036871754665084966,1.0,1.2234580579820957,2622226.9438817725,18569642.12475359,0.0,0.0,0.9945588191641438,1.0,0.0,9.9447555168e-05,0.9945588191641438,0.0,99938.15187491645,99938.15187491645
2026-03-14 00:00:00+00:00,0.0,0.0,1.2235646640913076,435015.90876104764,332743.5963977175,0,4665600.0,0.03887263188041512,1.0,1.2235646640913076,2698307.652839281,18243425.405598894,0.0,0.0,0.9943738307821807,1.0,0.0,9.869869362239999e-05,0.9943738307821807,0.0,99824.83924819704,99824.83924819704
2026-03-15 00:00:00+00:00,0.0,0.0,1.2236837392551052,435015.90876104764,332776.1930752574,0,4579200.0,0.03692184080397576,1.0,1.2236837392551052,2580970.8700913335,18256199.910370067,0.0,0.0,0.9947491833997263,1.0,0.0,9.795855234240001e-05,0.9947491833997263,0.0,99955.52693068457,99955.52693068457
2026-03-16 00:00:00+00:00,0.0,0.0,1.2237916836798879,435015.90876104764,332808.5495228212,0,4492800.0,0.038380990809752324,1.0,1.2237916836798879,2649866.101326917,18120940.46396231,0.0,0.0,0.9946487158466217,1.0,0.0,9.7227131328e-05,0.9946487158466217,0.0,99879.46549920598,99879.46549920598
2026-03-17 00:00:00+00:00,0.0,0.0,1.2239020604067512,435015.90876104764,332840.6685722039,0,4406400.0,0.039044669440763125,1.0,1.2239020604067512,2614267.5531838043,17605121.618697364,0.0,0.0,0.9946625501434072,1.0,0.0,9.650443066560001e-05,0.9946625501434072,0.0,99853.36458901153,99853.36458901153
2026-03-18 00:00:00+00:00,0.0,0.0,1.224014733754402,435015.90876104764,332864.9009615318,0,4320000.0,0.0389188921636765,1.0,1.224014733754402,2607617.3889721506,17611480.26449723,0.0,0.0,0.9947834283754964,1.0,0.0,7.280212288319999e-05,0.9947834283754964,0.0,99881.71615366533,99881.71615366533
2026-03-19 00:00:00+00:00,0.0,0.0,1.2241279971682777,435015.90876104764,332888.5526660813,0,4233600.0,0.03879621914422504,1.0,1.2241279971682777,2554272.3429133245,17300172.60174203,0.0,0.0,0.9949032641748148,1.0,0.0,7.1052442704e-05,0.9949032641748148,0.0,99910.19492825842,99910.19492825842
2026-03-20 00:00:00+00:00,0.0,0.0,1.2242451973148665,435015.90876104764,332911.64547198,0,4147200.0,0.03812037199810181,1.0,1.2242451973148665,2515236.894093648,17304141.170419972,0.0,0.0,0.9950921823932334,1.0,0.0,6.9368576256e-05,0.9950921823932334,0.0,99969.2845528266,99969.2845528266
2026-03-21 00:00:00+00:00,0.0,0.0,1.2243615115559332,435015.90876104764,332935.860649571,0,4060800.0,0.037672036079600346,1.0,1.2243615115559332,2496559.12130538,17354717.152152326,0.0,0.0,0.9952495397576591,1.0,0.0,7.2734905152e-05,0.9952495397576591,0.0,100013.5223321215,100013.5223321215
2026-03-22 00:00:00+00:00,0.0,0.0,1.2244741329533664,435015.90876104764,332959.72825252294,0,3974400.0,0.03851596614429442,1.0,1.2244741329533664,2540633.1376185035,17319719.728148345,0.0,0.0,0.9952484042565033,1.0,0.0,7.16857217856e-05,0.9952484042565033,0.0,99989.16076810233,99989.16076810233
2026-03-23 00:00:00+00:00,0.0,0.0,1.224592464516522,435015.90876104764,332983.25598926045,0,3888000.0,0.03769903243741446,1.0,1.224592464516522,2468637.171634421,17149861.718993988,0.0,0.0,0.995448033677974,1.0,0.0,7.0659913248e-05,0.995448033677974,0.0,100052.47500556137,100052.47500556137
2026-03-24 00:00:00+00:00,0.0,0.0,1.2247075521949666,435015.90876104764,333005.49780616286,0,3801600.0,0.03796549243975833,1.0,1.2247075521949666,2479306.052538435,17118152.609953087,0.0,0.0,0.9955181509757978,1.0,0.0,6.67933708608e-05,0.9955181509757978,0.0,100060.7353286916,100060.7353286916
2026-03-25 00:00:00+00:00,0.0,0.0,1.2248232559284091,435015.90876104764,333027.42070048745,0,3715200.0,0.038180865056747226,1.0,1.2248232559284091,2490343.986301791,17108953.62156107,0.0,0.0,0.9955954530478941,1.0,0.0,6.58312636608e-05,0.9955954530478941,0.0,100072.44006550912,100072.44006550912
2026-03-26 00:00:00+00:00,0.0,0.0,1.2249452017977627,435015.90876104764,333049.03177160403,0,3628800.0,0.036474501307730556,1.0,1.2249452017977627,2403558.916081648,17177631.47492192,0.0,0.0,0.9958861504275114,1.0,0.0,6.48906624576e-05,0.9958861504275114,0.0,100177.2869791612,100177.2869791612
2026-03-27 00:00:00+00:00,0.0,0.0,1.2250610294014364,435015.90876104764,333073.2974317487,0,3542400.0,0.036608600673605274,1.0,1.2250610294014364,2410265.230452767,17172179.910706613,0.0,0.0,0.9959694285539034,1.0,0.0,7.2856468224e-05,0.9959694285539034,0.0,100189.24862884887,100189.24862884887
2026-03-28 00:00:00+00:00,0.0,0.0,1.2251741508065412,435015.90876104764,333097.5189683344,0,3456000.0,0.03763790205888817,1.0,1.2251741508065412,2463008.7226826795,17135042.68400254,0.0,0.0,0.9959592126776002,1.0,0.0,7.271869616639999e-05,0.9959592126776002,0.0,100160.58302354935,100160.58302354935
2026-03-29 00:00:00+00:00,0.0,0.0,1.2252891525763658,435015.90876104764,333121.69650252117,0,3369600.0,0.038275771463526675,1.0,1.2252891525763658,2495326.459613515,17105794.980984773,0.0,0.0,0.9959946304165719,1.0,0.0,7.2581317488e-05,0.9959946304165719,0.0,100151.81276926765,100151.81276926765
2026-03-30 00:00:00+00:00,0.0,0.0,1.225408773880176,435015.90876104764,333145.83015555335,0,3283200.0,0.03748775355740963,1.0,1.225408773880176,2423537.1516174087,16919033.041023243,0.0,0.0,0.9961758719558238,1.0,0.0,7.24443322752e-05,0.9961758719558238,0.0,100206.52206913836,100206.52206913836
2026-03-31 00:00:00+00:00,0.0,0.0,1.2255262778538527,435015.90876104764,333169.92004864424,0,3196800.0,0.03736900261438292,1.0,1.2255262778538527,2412971.8930603196,16891593.45744402,0.0,0.0,0.9962878796293194,1.0,0.0,7.230774026879999e-05,0.9962878796293194,0.0,100231.15729592141,100231.15729592141
2026-04-01 00:00:00+00:00,0.0,0.0,1.2256438898421218,435015.90876104764,333193.9663031775,0,3110400.0,0.03719208327316137,1.0,1.2256438898421218,2191164.6804262516,15401778.71849421,0.0,0.0,0.9964047876034111,1.0,0.0,7.21715418144e-05,0.9964047876034111,0.0,100257.96786997904,100257.96786997904
2026-04-02 00:00:00+00:00,0.0,0.0,1.2257592534765904,435015.90876104764,333217.96904050553,0,3024000.0,0.037754570451042024,1.0,1.2257592534765904,2195961.320910159,15236156.614171052,0.0,0.0,0.996452674009434,1.0,0.0,7.20357366528e-05,0.996452674009434,0.0,100254.79648108437,100254.79648108437
2026-04-03 00:00:00+00:00,0.0,0.0,1.2258735151873852,435015.90876104764,333241.9283820641,0,2937600.0,0.038267290862329606,1.0,1.2258735151873852,2214909.9592262134,15186633.894833963,0.0,0.0,0.9965079996309116,1.0,0.0,7.190032487039999e-05,0.9965079996309116,0.0,100254.90466503066,100254.90466503066
2026-04-04 00:00:00+00:00,0.0,0.0,1.2259866162363822,435015.90876104764,333265.84444931505,0,2851200.0,0.03921762576955956,1.0,1.2259866162363822,2258699.548251371,15150808.81273414,0.0,0.0,0.9965280989655098,1.0,0.0,7.176530638079999e-05,0.9965280989655098,0.0,100239.7321280854,100239.7321280854
2026-04-05 00:00:00+00:00,0.0,0.0,1.2261062416423927,435015.90876104764,333289.7173638322,0,2764800.0,0.03818017866624457,1.0,1.2261062416423927,2201005.263084446,15121613.923076887,0.0,0.0,0.9967204053543238,1.0,0.0,7.16306813568e-05,0.9967204053543238,0.0,100299.5155520587,100299.5155520587
2026-04-06 00:00:00+00:00,0.0,0.0,1.2262247802974011,435015.90876104764,333313.5472472151,0,2678400.0,0.037484128602075284,1.0,1.2262247802974011,2167354.8053983813,15131761.531449756,0.0,0.0,0.9968795119342013,1.0,0.0,7.149644971200001e-05,0.9968795119342013,0.0,100344.89956211112,100344.89956211112
2026-04-07 00:00:00+00:00,0.0,0.0,1.2263417293877599,435015.90876104764,333337.33422108856,0,2592000.0,0.0372467337292306,1.0,1.2263417293877599,2156730.5322000007,15140401.280400708,0.0,0.0,0.9969987731575098,1.0,0.0,7.136261135999999e-05,0.9969987731575098,0.0,100372.99311767519,100372.99311767519
2026-04-08 00:00:00+00:00,0.0,0.0,1.2264579716777215,435015.90876104764,333361.07840718894,0,2505600.0,0.037230589740506304,1.0,1.2264579716777215,2155401.2087282385,15136802.959979912,0.0,0.0,0.9970999018191988,1.0,0.0,7.122916647359999e-05,0.9970999018191988,0.0,100393.24150824122,100393.24150824122
2026-04-09 00:00:00+00:00,0.0,0.0,1.226581970685396,435015.90876104764,333381.798768145,0,2419200.0,0.03506067768172172,1.0,1.226581970685396,2060382.9027177596,15214070.285550518,0.0,0.0,0.9973599802530472,1.0,0.0,6.21539777088e-05,0.9973599802530472,0.0,100485.6594035349,100485.6594035349
2026-04-10 00:00:00+00:00,0.0,0.0,1.2266896849056257,435015.90876104764,333402.6039316696,0,2332800.0,0.037971554167794075,1.0,1.2266896849056257,2187260.911899392,15099956.9273762,0.0,0.0,0.9972469575296332,1.0,0.0,6.2404469712e-05,0.9972469575296332,0.0,100415.68755727366,100415.68755727366
2026-04-11 00:00:00+00:00,0.0,0.0,1.226808736974973,435015.90876104764,333423.23090180225,0,2246400.0,0.03750633996783459,1.0,1.226808736974973,2166663.2297989135,15119301.058966802,0.0,0.0,0.9973806360379648,1.0,0.0,6.18661397376e-05,0.9973806360379648,0.0,100453.21286492469,100453.21286492469
2026-04-12 00:00:00+00:00,0.0,0.0,1.2269261164783787,435015.90876104764,333443.7016543825,0,2160000.0,0.03764897935853173,1.0,1.2269261164783787,2173058.070768174,15114065.578855883,0.0,0.0,0.997471861591992,1.0,0.0,6.13938151296e-05,0.997471861591992,0.0,100472.42667963181,100472.42667963181
2026-04-13 00:00:00+00:00,0.0,0.0,1.2270439267248046,435015.90876104764,333464.44539647014,0,2073600.0,0.037762936007253334,1.0,1.2270439267248046,2177431.7219691323,15104779.552366156,0.0,0.0,0.9975656610822023,1.0,0.0,6.22086930144e-05,0.9975656610822023,0.0,100492.48720801936,100492.48720801936
2026-04-14 00:00:00+00:00,0.0,0.0,1.2271619326505632,435015.90876104764,333485.162498869,0,1987200.0,0.03777657665919376,1.0,1.2271619326505632,2178042.6200804943,15104285.21583801,0.0,0.0,0.9976661471240846,1.0,0.0,6.2124940656e-05,0.9976661471240846,0.0,100515.48313244776,100515.48313244776
2026-04-15 00:00:00+00:00,0.0,0.0,1.2272811927458842,435015.90876104764,333505.9169873585,0,1900800.0,0.03723618603443102,1.0,1.2272811927458842,2155056.16431928,15132392.015721949,0.0,0.0,0.9977988300535726,1.0,0.0,6.22331816256e-05,0.9977988300535726,0.0,100552.44782910653,100552.44782910653
2026-04-16 00:00:00+00:00,0.0,0.0,1.2273971059325581,435015.90876104764,333526.68747471663,0,1814400.0,0.03748806328552212,1.0,1.2273971059325581,2015246.4113100143,14068630.62819033,0.0,0.0,0.9978848378584182,1.0,0.0,6.227727768e-05,0.9978848378584182,0.0,100569.09210513387,100569.09210513387
2026-04-17 00:00:00+00:00,0.0,0.0,1.227519167170726,435015.90876104764,333547.4518116529,0,1728000.0,0.03754980415433962,1.0,1.227519167170726,2010588.0475656707,14016122.709800946,0.0,0.0,0.9979822041926103,1.0,0.0,6.22549600416e-05,0.9979822041926103,0.0,100590.68367254885,100590.68367254885
2026-04-18 00:00:00+00:00,0.0,0.0,1.22763606269036,435015.90876104764,333568.1764405848,0,1641600.0,0.03924909383652153,1.0,1.22763606269036,2067767.5761974447,13860870.146233793,0.0,0.0,0.9979979790050125,1.0,0.0,6.213204446400001e-05,0.9979979790050125,0.0,100576.82133796962,100576.82133796962
2026-04-19 00:00:00+00:00,0.0,0.0,1.227760632347238,435015.90876104764,333653.9540505498,0,1555200.0,0.039222925008696174,1.0,1.227760632347238,2004178.4076051223,13442709.933502799,0.0,0.0,0.9981044879760367,1.0,0.0,0.0002571186011904,0.9981044879760367,0.0,100537.376824826,100537.376824826
2026-04-20 00:00:00+00:00,0.0,0.0,1.2278742244230474,435015.90876104764,333675.6249772814,0,1468800.0,0.04614560947172408,1.0,1.2278742244230474,1860071.335445352,10642458.35886812,0.0,0.0,0.9979010728124541,1.0,0.0,6.49481977728e-05,0.9979010728124541,0.0,100427.21706585272,100427.21706585272
2026-04-21 00:00:00+00:00,0.0,0.0,1.2280275086139676,435015.90876104764,333697.99561775295,0,1382400.0,0.04522761312541257,1.0,1.2280275086139676,1813614.2744947027,10597084.03652607,0.0,0.0,0.9980628245788458,1.0,0.0,6.70408292736e-05,0.9980628245788458,0.0,100475.21101703169,100475.21101703169
2026-04-22 00:00:00+00:00,0.0,0.0,1.2281739908799776,435015.90876104764,333720.78255297185,0,1296000.0,0.05212789877718138,1.0,1.2281739908799776,2074414.6921928152,10354117.505086698,0.0,0.0,0.9979139042555414,1.0,0.0,6.82837701696e-05,0.9979139042555414,0.0,100387.64137203759,100387.64137203759
2026-04-23 00:00:00+00:00,0.0,0.0,1.2283437778499928,435015.90876104764,333743.584996569,0,1209600.0,0.05598524140750616,1.0,1.2283437778499928,2054760.7614239457,9395584.217028433,0.0,0.0,0.9979127595975481,1.0,0.0,6.832557576e-05,0.9979127595975481,0.0,100364.34098400321,100364.34098400321
2026-04-24 00:00:00+00:00,0.0,0.0,1.2285248558839483,435015.90876104764,333767.9500946131,0,1123200.0,0.052080410660537924,1.0,1.2285248558839483,1900417.2141862547,9495775.725094995,0.0,0.0,0.9981934034089834,1.0,0.0,7.3002777552e-05,0.9981934034089834,0.0,100462.0604086289,100462.0604086289
2026-04-25 00:00:00+00:00,0.0,0.0,1.2286978928199124,435015.90876104764,333809.04587588855,0,1036800.0,0.05219641787660145,1.0,1.2286978928199124,1904735.1019452647,9492267.418333724,0.0,0.0,0.9983286375426982,1.0,0.0,0.000123119225424,0.9983286375426982,0.0,100479.79362692684,100479.79362692684
2026-04-26 00:00:00+00:00,0.0,0.0,1.2288717641966171,435015.90876104764,333850.8722214755,0,950400.0,0.052190189869682824,1.0,1.2288717641966171,1904077.4717785213,9490336.084371423,0.0,0.0,0.9984679890983196,1.0,0.0,0.0001252923666912,0.9984679890983196,0.0,100498.58742494578,100498.58742494578
2026-04-27 00:00:00+00:00,0.0,0.0,1.229038200063769,435015.90876104764,333876.24349237024,0,864000.0,0.054431954740925104,1.0,1.229038200063769,1983063.2339302704,9393221.995457232,0.0,0.0,0.9985489390031741,1.0,0.0,7.599293277119999e-05,0.9985489390031741,0.0,100508.4306504755,100508.4306504755
2026-04-28 00:00:00+00:00,0.0,0.0,1.229213158590108,435015.90876104764,333901.63842522056,0,777600.0,0.05436556265983006,1.0,1.229213158590108,1965138.0916653706,9322560.63384593,0.0,0.0,0.9986955008800361,1.0,0.0,7.60580233344e-05,0.9986955008800361,0.0,100546.79246567801,100546.79246567801
2026-04-29 00:00:00+00:00,0.0,0.0,1.2293904001071514,435015.90876104764,333922.4109273292,0,691200.0,0.053979396647453104,1.0,1.2293904001071514,1900880.8788736283,9097147.175381646,0.0,0.0,0.998848380835927,1.0,0.0,6.22095060384e-05,0.998848380835927,0.0,100592.52517651254,100592.52517651254
2026-04-30 00:00:00+00:00,0.0,0.0,1.2295730549941923,435015.90876104764,333950.00033713685,0,604800.0,0.05235737125785889,1.0,1.2295730549941923,1836668.2082008447,9119475.46042501,0.0,0.0,0.9990217682548276,1.0,0.0,8.26188037056e-05,0.9990217682548276,0.0,100640.36205230572,100640.36205230572
2026-05-01 00:00:00+00:00,0.0,0.0,1.2296809156251822,435015.90876104764,333977.6938699848,0,518400.0,0.05129504255723605,1.0,1.2296809156251822,1795577.401282188,9133437.078460705,0.0,0.0,0.9991780457476541,1.0,0.0,8.292374490240001e-05,0.9991780457476541,0.0,100680.65171501855,100680.65171501855
2026-05-02 00:00:00+00:00,0.0,0.0,1.2297792984190679,435015.90876104764,334005.49211052345,0,432000.0,0.053549022874537666,1.0,1.2297792984190679,1876210.8839687037,9067917.75493486,0.0,0.0,0.9992856732457921,1.0,0.0,8.32303600992e-05,0.9992856732457921,0.0,100699.67314839008,100699.67314839008
2026-05-03 00:00:00+00:00,0.0,0.0,1.229885413367318,435015.90876104764,334033.23533746705,0,345600.0,0.0535970952046656,1.0,1.229885413367318,1877671.0987911157,9064830.38032384,0.0,0.0,0.9994279980180206,1.0,0.0,8.30587384224e-05,0.9994279980180206,0.0,100733.84346157673,100733.84346157673
2026-05-04 00:00:00+00:00,0.0,0.0,1.2299892425789887,435015.90876104764,334061.070867186,0,259200.0,0.054352937627388576,1.0,1.2299892425789887,1900546.349365191,9019595.747090327,0.0,0.0,0.9995650761177699,1.0,0.0,8.33281453728e-05,0.9995650761177699,0.0,100765.63908599142,100765.63908599142
2026-05-05 00:00:00+00:00,0.0,0.0,1.230094003778363,435015.90876104764,334084.5409742949,0,172800.0,0.05523697355173396,1.0,1.230094003778363,1902129.3156868906,8847358.646943845,0.0,0.0,0.9997054386728861,1.0,0.0,7.02544675968e-05,0.9997054386728861,0.0,100803.22892335244,100803.22892335244
2026-05-06 00:00:00+00:00,0.0,0.0,1.230094003778363,435015.90876104764,334107.92385821964,0,86400.0,0.3335907872233834,1.0,1.2294156290303226,12245296.94011144,414743.9291403425,0.0,0.0,0.9992116119160375,1.0,0.0,6.998846938559999e-05,0.9992116119160375,0.0,100565.02354402666,100565.02354402666
2026-05-07 00:00:00+00:00,0.0,100884.60038231371,1.2303856504157888,0.0,0.0,0,0.0,0.3335907872233834,1.0,1.2303856504157888,12245296.94011144,414743.9291403425,0.0,0.0,1.0,1.0,0.0,6.998846938559999e-05,1.0,100884.60038231371,0.0,100884.60038231371
