timestamp,BOROS_collateral,BOROS_size,BOROS_entry_rate,BOROS_realized_settlements,BOROS_liquidation_count,PT_amount,PT_cash,PT_py_index_high,LENDING_collateral,LENDING_borrowed,LENDING_liquidation_count,BOROS_seconds_to_expiry,BOROS_mark_rate,BOROS_funding_rate,BOROS_funding_period_seconds,BOROS_underlying_price,PT_seconds_to_expiry,PT_implied_apy,PT_asset_price,PT_sy_exchange_rate,PT_total_pt,PT_total_sy,PT_scalar_root,PT_ln_fee_rate_root,LENDING_collateral_price,LENDING_debt_price,LENDING_lending_rate,LENDING_borrowing_rate,LENDING_collateral_market_price,BOROS_balance,PT_balance,LENDING_balance,net_balance
2025-08-27 00:00:00+00:00,20000.0,0.0,0.0,0.0,0,0.0,0.0,0.9997560802458545,353564.7205119987,265864.324985904,0,0.0,0.0,0.0,0.0,1.0,7948800.0,0.09332931754802609,1.0,0.9997560802458545,1211628.8124992247,4367130.495416488,0.0,0.0,0.9777608101247515,1.0,0.0,9.992779151040001e-05,0.9777608101247515,20000.0,0.0,79837.40257343918,99837.40257343918
2025-08-28 00:00:00+00:00,20000.0,0.0,0.0,0.0,0,0.0,0.0,0.9997560802458545,353564.7205119987,265890.6930377873,0,0.0,0.0,0.0,0.0,1.0,7862400.0,0.09456515147202516,1.0,0.9997529923789058,1235076.6582792716,4339208.132628928,0.0,0.0,0.9777244450788577,1.0,0.0,9.917368341120001e-05,0.9777244450788577,20000.0,0.0,79798.17712426808,99798.17712426808
2025-08-29 00:00:00+00:00,20000.0,0.0,0.0,0.0,0,0.0,0.0,0.9997560802458545,353564.7205119987,265916.86549527006,0,0.0,0.0,0.0,0.0,1.0,7776000.0,0.09472396841703867,1.0,0.999752595810827,1241169.7339181562,4346291.084703339,0.0,0.0,0.9779315288899643,1.0,0.0,9.84283020576e-05,0.9779315288899643,20000.0,0.0,79845.22219658172,99845.22219658172
2025-08-30 00:00:00+00:00,20000.0,0.0,0.0,0.0,0,0.0,0.0,0.9997560802458545,353564.7205119987,265942.84462091903,0,0.0,0.0,0.0,0.0,1.0,7689600.0,0.09393055140563233,1.0,0.999754577560027,1225454.7068606897,4362268.081251733,0.0,0.0,0.9783469825989748,1.0,0.0,9.769164753600001e-05,0.9783469825989748,20000.0,0.0,79966.13284544472,99966.13284544472
2025-08-31 00:00:00+00:00,20000.0,0.0,0.0,0.0,0,0.0,0.0,0.9997570464839901,353564.7205119987,265968.6326786328,0,0.0,0.0,0.0,0.0,1.0,7603200.0,0.09294289475656248,1.0,0.9997570464839901,1205584.370422649,4380143.662410951,0.0,0.0,0.9788007835616157,1.0,0.0,9.69637198464e-05,0.9788007835616157,20000.0,0.0,80100.79279825516,100100.79279825516
2025-09-01 00:00:00+00:00,20000.0,0.0,0.0,0.0,0,0.0,0.0,0.9997613661204121,353564.7205119987,265994.2319336023,0,0.0,0.0,0.0,0.0,1.0,7516800.0,0.0912170381050843,1.0,0.9997613661204121,1172003.3801076345,4413040.587494154,0.0,0.0,0.9794079985757546,1.0,0.0,9.62445189024e-05,0.9794079985757546,20000.0,0.0,80289.88335005037,100289.88335005037
2025-09-02 00:00:00+00:00,20000.0,0.0,0.0,0.0,0,0.0,0.0,0.9997613661204121,353564.7205119987,266019.64465229446,0,0.0,0.0,0.0,0.0,1.0,7430400.0,0.09730853937075334,1.0,0.9997461501979573,1290627.5881188316,4284753.0999849,0.0,0.0,0.9783581822158364,1.0,0.0,9.55340446176e-05,0.9783581822158364,20000.0,0.0,79893.29260347481,99893.29260347481
2025-09-03 00:00:00+00:00,20000.0,0.0,0.0,0.0,0,0.0,0.0,0.9997613661204121,353564.7205119987,266044.87310252787,0,0.0,0.0,0.0,0.0,1.0,7344000.0,0.09813550000850935,1.0,0.9997440910707002,1302986.554586398,4252652.555990752,0.0,0.0,0.9784354522024321,1.0,0.0,9.48322972512e-05,0.9784354522024321,20000.0,0.0,79895.3840944561,99895.3840944561
2025-09-04 00:00:00+00:00,20000.0,0.0,0.0,0.0,0,0.0,0.0,0.9997613661204121,353564.7205119987,266069.91955334187,0,0.0,0.0,0.0,0.0,1.0,7257600.0,0.09228711420427516,1.0,0.9997586870270262,1185940.612281651,4367355.138982851,0.0,0.0,0.9798899016295987,1.0,0.0,9.41392766304e-05,0.9798899016295987,20000.0,0.0,80384.57964885706,100384.57964885706
2025-09-05 00:00:00+00:00,20000.0,0.0,0.0,0.0,0,0.0,0.0,0.9997613661204121,353564.7205119987,266094.7862750268,0,0.0,0.0,0.0,0.0,1.0,7171200.0,0.0963841300162811,1.0,0.9997484538146739,1271752.0404851395,4303406.603035236,0.0,0.0,0.9792928469079529,1.0,0.0,9.34549827552e-05,0.9792928469079529,20000.0,0.0,80148.6154413831,100148.6154413831
2025-09-06 00:00:00+00:00,20000.0,0.0,0.0,0.0,0,0.0,0.0,0.9997613661204121,353564.7205119987,266119.47553913144,0,0.0,0.0,0.0,0.0,1.0,7084800.0,0.09718764873417962,1.0,0.9997464513453083,1291340.594113193,4297879.278022042,0.0,0.0,0.9793785546336258,1.0,0.0,9.277941571200001e-05,0.9793785546336258,20000.0,0.0,80154.22940535168,100154.22940535168
2025-09-07 00:00:00+00:00,20000.0,0.0,0.0,0.0,0,0.0,0.0,0.9997613661204121,353564.7205119987,266143.98961844743,0,0.0,0.0,0.0,0.0,1.0,6998400.0,0.09674532483516507,1.0,0.9997475534898991,1282269.340306987,4306769.794718964,0.0,0.0,0.9797151199940995,1.0,0.0,9.21125755872e-05,0.9797151199940995,20000.0,0.0,80248.71296364564,100248.71296364564
2025-09-08 00:00:00+00:00,20000.0,0.0,0.0,0.0,0,0.0,0.0,0.9997613661204121,353564.7205119987,266168.3307868792,0,0.0,0.0,0.0,0.0,1.0,6912000.0,0.09744384022879915,1.0,0.999745636328517,1307524.3120372314,4328851.305705588,0.0,0.0,0.9798262805935772,1.0,0.0,9.14544620352e-05,0.9798262805935772,20000.0,0.0,80263.67426150019,100263.67426150019
2025-09-09 00:00:00+00:00,20000.0,0.0,0.0,0.0,0,0.0,0.0,0.9997613661204121,353564.7205119987,266192.50131961267,0,0.0,0.0,0.0,0.0,1.0,6825600.0,0.09963972481008243,1.0,0.9997401688770923,1355200.961202524,4288562.655919854,0.0,0.0,0.9796519940327665,1.0,0.0,9.080507540160001e-05,0.9796519940327665,20000.0,0.0,80177.88214960461,100177.88214960461
2025-09-10 00:00:00+00:00,20000.0,0.0,0.0,0.0,0,0.0,0.0,0.9997613661204121,353564.7205119987,266216.5034929629,0,0.0,0.0,0.0,0.0,1.0,6739200.0,0.09748646808245809,1.0,0.9997455300866362,1310532.0704985727,4334984.070929181,0.0,0.0,0.9803174918180685,1.0,0.0,9.016441551360001e-05,0.9803174918180685,20000.0,0.0,80389.176514716,100389.176514716
2025-09-11 00:00:00+00:00,20000.0,0.0,0.0,0.0,0,0.0,0.0,0.9997613661204121,353564.7205119987,266240.3395844051,0,0.0,0.0,0.0,0.0,1.0,6652800.0,0.09531841380867356,1.0,0.9997509388063078,1265622.8496277928,4377559.616191891,0.0,0.0,0.9809764982833662,1.0,0.0,8.953248237119999e-05,0.9809764982833662,20000.0,0.0,80598.34185999242,100598.34185999242
2025-09-12 00:00:00+00:00,20000.0,0.0,0.0,0.0,0,0.0,0.0,0.9997630622797407,353564.7205119987,266264.0118725832,0,0.0,0.0,0.0,0.0,1.0,6566400.0,0.09047437778175871,1.0,0.9997630622797407,1184193.9244529414,4526532.442812742,0.0,0.0,0.9821271992399067,1.0,0.0,8.890927606079999e-05,0.9821271992399067,20000.0,0.0,80981.51683390647,100981.51683390647
2025-09-13 00:00:00+00:00,20000.0,0.0,0.0,0.0,0,0.0,0.0,0.9997630622797407,353564.7205119987,266287.5226372495,0,0.0,0.0,0.0,0.0,1.0,6480000.0,0.09127980816848891,1.0,0.9997610427400833,1232354.7944188465,4632810.33212888,0.0,0.0,0.9822112563626377,1.0,0.0,8.8294796496e-05,0.9822112563626377,20000.0,0.0,80987.7257023456,100987.7257023456
2025-09-14 00:00:00+00:00,20000.0,0.0,0.0,0.0,0,0.0,0.0,0.9997630622797407,353564.7205119987,266310.874159297,0,0.0,0.0,0.0,0.0,1.0,6393600.0,0.09421733446464309,1.0,0.9997536898187532,1276560.21150153,4516750.520511334,0.0,0.0,0.9819110530545563,1.0,0.0,8.768904376319998e-05,0.9819110530545563,20000.0,0.0,80858.23288157955,100858.23288157955
2025-09-15 00:00:00+00:00,20000.0,0.0,0.0,0.0,0,0.0,0.0,0.9997653976120897,353564.7205119987,266334.0687206991,0,0.0,0.0,0.0,0.0,1.0,6307200.0,0.08954374648489827,1.0,0.9997653976120897,1182833.9126506858,4608909.879400797,0.0,0.0,0.9829944493626303,1.0,0.0,8.709201777599999e-05,0.9829944493626303,20000.0,0.0,81218.08903304528,101218.08903304528
2025-09-16 00:00:00+00:00,20000.0,0.0,0.0,0.0,0,0.0,0.0,0.9997764455802431,353564.7205119987,266357.10860454227,0,0.0,0.0,0.0,0.0,1.0,6220800.0,0.08515190877087297,1.0,0.9997764455802431,1923630.512087416,8208900.462930744,0.0,0.0,0.9840091268837128,1.0,0.0,8.65037186208e-05,0.9840091268837128,20000.0,0.0,81553.80332335352,101553.80332335352
2025-09-17 00:00:00+00:00,20000.0,0.0,0.0,0.0,0,0.0,0.0,0.9997764455802431,353564.7205119987,266379.99609496637,0,0.0,0.0,0.0,0.0,1.0,6134400.0,0.08516965272376043,1.0,0.9997764008539705,1924794.115293339,8210748.852486787,0.0,0.0,0.9842263311894196,1.0,0.0,8.592414621120001e-05,0.9842263311894196,20000.0,0.0,81607.71161257062,101607.71161257062
2025-09-18 00:00:00+00:00,20000.0,0.0,0.0,0.0,0,0.0,0.0,0.9997892406817503,353564.7205119987,266402.7334771973,0,0.0,0.0,0.0,0.0,1.0,6048000.0,0.08026169931278204,1.0,0.9997892406817503,2456975.483064204,11605457.345110502,0.0,0.0,0.9853029542748051,1.0,0.0,8.53533006336e-05,0.9853029542748051,20000.0,0.0,81965.6301706208,101965.6301706208
2025-09-19 00:00:00+00:00,20000.0,0.0,0.0,0.0,0,0.0,0.0,0.9997892406817503,353564.7205119987,266425.2528266103,0,0.0,0.0,0.0,0.0,1.0,5961600.0,0.08071973817234235,1.0,0.9997879358800733,2930152.107925686,13709385.707424736,0.0,0.0,0.985432410050766,1.0,0.0,8.45276524704e-05,0.985432410050766,20000.0,0.0,81988.88181645406,101988.88181645406
2025-09-20 00:00:00+00:00,20000.0,0.0,0.0,0.0,0,0.0,0.0,0.9997911355253604,353564.7205119987,266447.6235085495,0,0.0,0.0,0.0,0.0,1.0,5875200.0,0.07945455643796007,1.0,0.9997911355253604,2848557.175538394,13682886.43402723,0.0,0.0,0.9858571295490013,1.0,0.0,8.39625469632e-05,0.9858571295490013,20000.0,0.0,82116.67696520442,102116.67696520442
2025-09-21 00:00:00+00:00,20000.0,0.0,0.0,0.0,0,0.0,0.0,0.9997964789298646,353564.7205119987,266469.84703554667,0,0.0,0.0,0.0,0.0,1.0,5788800.0,0.07728916208988856,1.0,0.9997964789298646,3251232.2438151296,16337259.192036128,0.0,0.0,0.9864271828884733,1.0,0.0,8.34032593728e-05,0.9864271828884733,20000.0,0.0,82296.00418785459,102296.00418785459
2025-09-22 00:00:00+00:00,20000.0,0.0,0.0,0.0,0,0.0,0.0,0.9997989768664799,353564.7205119987,266491.92492085014,0,0.0,0.0,0.0,0.0,1.0,5702400.0,0.07630514707320213,1.0,0.9997989768664799,2734793.8688180707,14026859.113692228,0.0,0.0,0.986791447072163,1.0,0.0,8.28497895264e-05,0.986791447072163,20000.0,0.0,82402.71726684994,102402.71726684994
2025-09-23 00:00:00+00:00,20000.0,0.0,0.0,0.0,0,0.0,0.0,0.9997989768664799,353564.7205119987,266513.8586785086,0,0.0,0.0,0.0,0.0,1.0,5616000.0,0.07864391608419874,1.0,0.999793043607589,4276481.126512722,20891530.953295726,0.0,0.0,0.9866088258854212,1.0,0.0,8.230213759679999e-05,0.9866088258854212,20000.0,0.0,82316.21510034153,102316.21510034153
2025-09-24 00:00:00+00:00,20000.0,0.0,0.0,0.0,0,0.0,0.0,0.9998034924984639,353564.7205119987,266535.6498232936,0,0.0,0.0,0.0,0.0,1.0,5529600.0,0.07463624173766137,1.0,0.9998034924984639,4168095.6371163507,22135345.262130942,0.0,0.0,0.987457776850445,1.0,0.0,8.176030349759999e-05,0.987457776850445,20000.0,0.0,82594.58306623355,102594.58306623355
2025-09-25 00:00:00+00:00,20000.0,0.0,0.0,0.0,0,0.0,0.0,0.9998034924984639,353564.7205119987,266557.29987073754,0,0.0,0.0,0.0,0.0,1.0,5443200.0,0.07491669843048299,1.0,0.9998027802054247,4748203.860852278,25069184.35220621,0.0,0.0,0.987608051599078,1.0,0.0,8.12242873152e-05,0.987608051599078,20000.0,0.0,82626.0648682901,102626.0648682901
2025-09-26 00:00:00+00:00,20000.0,0.0,0.0,0.0,0,0.0,0.0,0.9998139430540443,353564.7205119987,266578.81033707917,0,0.0,0.0,0.0,0.0,1.0,5356800.0,0.07052988835687701,1.0,0.9998139430540443,3828463.418974881,22152984.048491012,0.0,0.0,0.9884899521760017,1.0,0.0,8.06940889632e-05,0.9884899521760017,20000.0,0.0,82916.36333294783,102916.36333294783
2025-09-27 00:00:00+00:00,20000.0,0.0,0.0,0.0,0,0.0,0.0,0.9998139430540443,353564.7205119987,266600.18273927877,0,0.0,0.0,0.0,0.0,1.0,5270400.0,0.07143873213271101,1.0,0.9998116266122863,3692981.089153212,20966641.59241533,0.0,0.0,0.9885343371184652,1.0,0.0,8.01697084416e-05,0.9885343371184652,20000.0,0.0,82910.68388052523,102910.68388052523
2025-09-28 00:00:00+00:00,20000.0,0.0,0.0,0.0,0,0.0,0.0,0.9998139430540443,353564.7205119987,266621.4185950331,0,0.0,0.0,0.0,0.0,1.0,5184000.0,0.07507246755113095,1.0,0.9998023846695389,3566785.321007038,18771121.073703386,0.0,0.0,0.9881711090531321,1.0,0.0,7.96511458368e-05,0.9881711090531321,20000.0,0.0,82761.0233953693,102761.0233953693
2025-09-29 00:00:00+00:00,20000.0,0.0,0.0,0.0,0,0.0,0.0,0.9998139430540443,353564.7205119987,266642.5194227216,0,0.0,0.0,0.0,0.0,1.0,5097600.0,0.07064984769686977,1.0,0.9998136371912819,3457047.518320953,19953443.82216311,0.0,0.0,0.9890259139808784,1.0,0.0,7.913840106239999e-05,0.9890259139808784,20000.0,0.0,83042.15143305174,103042.15143305174
2025-09-30 00:00:00+00:00,20000.0,0.0,0.0,0.0,0,0.0,0.0,0.9998308854897364,353564.7205119987,266663.48674144427,0,0.0,0.0,0.0,0.0,1.0,5011200.0,0.06390607369091672,1.0,0.9998308854897364,3011398.8244676767,20020497.60219812,0.0,0.0,0.9902046397241284,1.0,0.0,7.86314742048e-05,0.9902046397241284,20000.0,0.0,83437.93995230156,103437.93995230156
2025-10-01 00:00:00+00:00,20000.0,0.0,0.0,0.0,0,0.0,0.0,0.9998308854897364,353564.7205119987,266684.3220709452,0,0.0,0.0,0.0,0.0,1.0,4924800.0,0.0671932488649849,1.0,0.9998224643521841,3594114.422329829,22301536.627472166,0.0,0.0,0.9898957017767119,1.0,0.0,7.81303650912e-05,0.9898957017767119,20000.0,0.0,83307.87506376673,103307.87506376673
2025-10-02 00:00:00+00:00,20000.0,0.0,0.0,0.0,0,0.0,0.0,0.9998308854897364,353564.7205119987,266705.026931697,0,0.0,0.0,0.0,0.0,1.0,4838400.0,0.06708333179782389,1.0,0.9998227455189109,3209858.165331715,19963084.386102043,0.0,0.0,0.9900877334960169,1.0,0.0,7.76350738944e-05,0.9900877334960169,20000.0,0.0,83355.06584418047,103355.06584418047
2025-10-03 00:00:00+00:00,20000.0,0.0,0.0,0.0,0,0.0,0.0,0.9998308854897364,353564.7205119987,266725.60284482385,0,0.0,0.0,0.0,0.0,1.0,4752000.0,0.06527854008878875,1.0,0.9998273663153703,3105761.509358302,20060696.357086394,0.0,0.0,0.9905164964816304,1.0,0.0,7.7145600528e-05,0.9905164964816304,20000.0,0.0,83486.08539622795,103486.08539622795
2025-10-04 00:00:00+00:00,20000.0,0.0,0.0,0.0,0,0.0,0.0,0.9998308854897364,353564.7205119987,266746.05133211747,0,0.0,0.0,0.0,0.0,1.0,4665600.0,0.06781352041269195,1.0,0.9998208782480312,3169846.367231139,19415101.72091804,0.0,0.0,0.990339815902549,1.0,0.0,7.6661944992e-05,0.990339815902549,20000.0,0.0,83403.1688893715,103403.1688893715
2025-10-05 00:00:00+00:00,20000.0,0.0,0.0,0.0,0,0.0,0.0,0.9998308854897364,353564.7205119987,266766.3739160526,0,0.0,0.0,0.0,0.0,1.0,4579200.0,0.06805415139323401,1.0,0.9998202631762422,3200684.879501556,19505539.414786667,0.0,0.0,0.9904854498498179,1.0,0.0,7.61841073728e-05,0.9904854498498179,20000.0,0.0,83434.33733129961,103434.33733129961
2025-10-06 00:00:00+00:00,20000.0,0.0,0.0,0.0,0,0.0,0.0,0.9998308854897364,353564.7205119987,266786.5721197334,0,0.0,0.0,0.0,0.0,1.0,4492800.0,0.06576609948406587,1.0,0.999826117246805,2883515.567001784,18435400.74600397,0.0,0.0,0.9909668492765158,1.0,0.0,7.5712087584e-05,0.9909668492765158,20000.0,0.0,83584.34498137387,103584.34498137387
2025-10-07 00:00:00+00:00,20000.0,0.0,0.0,0.0,0,0.0,0.0,0.9998308854897364,353564.7205119987,266806.6474669097,0,0.0,0.0,0.0,0.0,1.0,4406400.0,0.06431316269017562,1.0,0.9998298411883149,2776876.2615225436,18302997.340670943,0.0,0.0,0.9913287365014924,1.0,0.0,7.52458856256e-05,0.9913287365014924,20000.0,0.0,83692.22018975322,103692.22018975322
2025-10-08 00:00:00+00:00,20000.0,0.0,0.0,0.0,0,0.0,0.0,0.9998308854897364,353564.7205119987,266826.6014819927,0,0.0,0.0,0.0,0.0,1.0,4320000.0,0.06447278573047766,1.0,0.999829431818204,2784321.987748901,18290760.606238775,0.0,0.0,0.9914776679697155,1.0,0.0,7.4785501584e-05,0.9914776679697155,20000.0,0.0,83724.92308760801,103724.92308760801
2025-10-09 00:00:00+00:00,20000.0,0.0,0.0,0.0,0,0.0,0.0,0.9998364378312794,353564.7205119987,266846.43569000164,0,0.0,0.0,0.0,0.0,1.0,4233600.0,0.06174428341423299,1.0,0.9998364378312794,2610151.7418108364,18157798.97291162,0.0,0.0,0.9919891301083213,1.0,0.0,7.43309353728e-05,0.9919891301083213,20000.0,0.0,83885.92384768772,103885.92384768772
2025-10-10 00:00:00+00:00,20000.0,0.0,0.0,0.0,0,0.0,0.0,0.9998364378312794,353564.7205119987,266866.1516165804,0,0.0,0.0,0.0,0.0,1.0,4147200.0,0.06546000320215173,1.0,0.9998269013617263,2766918.0815483597,17804412.31458188,0.0,0.0,0.9916962614505455,1.0,0.0,7.3882186992e-05,0.9916962614505455,20000.0,0.0,83762.65989597572,103762.65989597572
2025-10-11 00:00:00+00:00,20000.0,0.0,0.0,0.0,0,0.0,0.0,0.9998364378312794,353564.7205119987,266885.61419011245,0,0.0,0.0,0.0,0.0,1.0,4060800.0,0.06334299566940649,1.0,0.9998323306088531,2435291.9999627704,16382012.218758613,0.0,0.0,0.992122608090168,1.0,0.0,7.29274347648e-05,0.992122608090168,20000.0,0.0,83893.93845292297,103893.93845292297
2025-10-12 00:00:00+00:00,20000.0,0.0,0.0,0.0,0,0.0,0.0,0.9998364378312794,353564.7205119987,266904.95923807815,0,0.0,0.0,0.0,0.0,1.0,3974400.0,0.062195509840867524,1.0,0.9998352779659151,2364489.925423127,16293585.39065434,0.0,0.0,0.9924245977777516,1.0,0.0,7.248178944e-05,0.9924245977777516,20000.0,0.0,83981.36630444531,103981.36630444531
2025-10-13 00:00:00+00:00,20000.0,0.0,0.0,0.0,0,0.0,0.0,0.9998364378312794,353564.7205119987,266924.18789945176,0,0.0,0.0,0.0,0.0,1.0,3888000.0,0.06185943077751399,1.0,0.9998361418011208,2349326.826757561,16303794.97550591,0.0,0.0,0.9926273946908447,1.0,0.0,7.204050766079999e-05,0.9926273946908447,20000.0,0.0,84033.83947697014,104033.83947697014
2025-10-14 00:00:00+00:00,20000.0,0.0,0.0,0.0,0,0.0,0.0,0.9998364378312794,353564.7205119987,266943.3013136505,0,0.0,0.0,0.0,0.0,1.0,3801600.0,0.06486424038354643,1.0,0.9998284281520067,2477138.4259859542,16140518.987909192,0.0,0.0,0.9924525114686509,1.0,0.0,7.160358925439999e-05,0.9924525114686509,20000.0,0.0,83952.8935251942,103952.8935251942
2025-10-15 00:00:00+00:00,20000.0,0.0,0.0,0.0,0,0.0,0.0,0.9998364378312794,353564.7205119987,266962.3006205524,0,0.0,0.0,0.0,0.0,1.0,3715200.0,0.06269417063210736,1.0,0.9998339967463543,2376343.209622547,16204311.83016024,0.0,0.0,0.9928619913843932,1.0,0.0,7.11710341344e-05,0.9928619913843932,20000.0,0.0,84078.67187025707,104078.67187025707
2025-10-16 00:00:00+00:00,20000.0,0.0,0.0,0.0,0,0.0,0.0,0.9998364378312794,353564.7205119987,266981.1869605604,0,0.0,0.0,0.0,0.0,1.0,3628800.0,0.06344758098377645,1.0,0.9998320621364584,2491166.129443213,16720881.702226957,0.0,0.0,0.9929464330665321,1.0,0.0,7.074284247359999e-05,0.9929464330665321,20000.0,0.0,84089.64112999407,104089.64112999407
2025-10-17 00:00:00+00:00,20000.0,0.0,0.0,0.0,0,0.0,0.0,0.9998364378312794,353564.7205119987,266999.9614745285,0,0.0,0.0,0.0,0.0,1.0,3542400.0,0.06668943242420888,1.0,0.9998237533480232,2645117.0363276717,16588896.659464937,0.0,0.0,0.9927743018878624,1.0,0.0,7.03190141856e-05,0.9927743018878624,20000.0,0.0,84010.00710394821,104010.00710394821
2025-10-18 00:00:00+00:00,20000.0,0.0,0.0,0.0,0,0.0,0.0,0.9998364378312794,353564.7205119987,267018.6253037798,0,0.0,0.0,0.0,0.0,1.0,3456000.0,0.0678704618611794,1.0,0.9998207326886404,2740322.7318065953,16766987.012097895,0.0,0.0,0.9928295090301137,1.0,0.0,6.989954927040001e-05,0.9928295090301137,20000.0,0.0,84010.86257251725,104010.86257251725
2025-10-19 00:00:00+00:00,20000.0,0.0,0.0,0.0,0,0.0,0.0,0.9998364378312794,353564.7205119987,267037.17959010176,0,0.0,0.0,0.0,0.0,1.0,3369600.0,0.06366752501989659,1.0,0.99983149762251,2546146.805692355,17010687.7495775,0.0,0.0,0.9934266536720494,1.0,0.0,6.9484447728e-05,0.9934266536720494,20000.0,0.0,84203.43756462651,104203.43756462651
2025-10-20 00:00:00+00:00,20000.0,0.0,0.0,0.0,0,0.0,0.0,0.9998364378312794,353564.7205119987,267055.6254757647,0,0.0,0.0,0.0,0.0,1.0,3283200.0,0.0635719903207077,1.0,0.999831625567389,2557914.311443113,17123583.995178998,0.0,0.0,0.993603951346669,1.0,0.0,6.90737096448e-05,0.993603951346669,20000.0,0.0,84247.67788173788,104247.67788173788
2025-10-21 00:00:00+00:00,20000.0,0.0,0.0,0.0,0,0.0,0.0,0.9998407480984277,353564.7205119987,267073.9641034705,0,0.0,0.0,0.0,0.0,1.0,3196800.0,0.06002606703668745,1.0,0.9998407480984277,2394670.441098656,17269024.026402365,0.0,0.0,0.994108220961404,1.0,0.0,6.866733493440001e-05,0.994108220961404,20000.0,0.0,84407.63119942858,104407.63119942858
2025-10-22 00:00:00+00:00,19986.462450308485,2.4838391977864394,0.05042650008670411,0.0,0,0.0,0.0,0.9998407480984277,353564.7205119987,267092.1966163714,0,3196800.0,0.05042650008670411,3.9349999999999994e-05,86400.0,107532.0,3110400.0,0.060472851807376715,1.0,0.9998395969800872,2418693.0894741635,17279306.99734786,0.0,0.0,0.9942256776922517,1.0,0.0,6.82653235968e-05,0.9942256776922517,19986.462450308485,0.0,84430.92724274204,104417.38969305053
2025-10-23 00:00:00+00:00,19990.363748102973,2.4838391977864394,0.05042650008670411,3.901297794486569,0,0.0,0.0,0.9998407480984277,353564.7205119987,267110.3241580653,0,3110400.0,0.0516371365492215,0.00015517,86400.0,110025.9,3024000.0,0.0667632748128053,1.0,0.9998234414460191,2586912.400468295,16199899.111044098,0.0,0.0,0.9938218539867234,1.0,0.0,6.7867675632e-05,0.9938218539867234,20022.99560535998,0.0,84270.02188546694,104293.01749082693
2025-10-24 00:00:00+00:00,19974.676955925308,2.4838391977864394,0.05042650008670411,-11.785494383178584,0,0.0,0.0,0.9998407480984277,353564.7205119987,267128.34787263727,0,3024000.0,0.05295311821006068,8.398e-05,86400.0,110965.4,2937600.0,0.06175262759165223,1.0,0.9998363023920868,2442768.9898114046,16988338.855808266,0.0,0.0,0.9944338696973603,1.0,0.0,6.747439121280001e-05,0.9944338696973603,20041.45379327234,0.0,84468.38533457526,104509.8391278476
2025-10-25 00:00:00+00:00,19969.09072486421,2.4838391977864394,0.05042650008670411,-17.371725444277683,0,0.0,0.0,0.9998455300088746,353564.7205119987,267146.2689045166,0,2937600.0,0.05221632735381611,0.00012074,86400.0,111589.4,2851200.0,0.0581720788549025,1.0,0.9998455300088746,2243090.0563469045,16817850.342986945,0.0,0.0,0.9949009408224725,1.0,0.0,6.70854699936e-05,0.9949009408224725,20015.30153598022,0.0,84615.60417450545,104630.90571048568
2025-10-26 00:00:00+00:00,19961.44618715768,2.333355648742893,0.05042650008670411,-30.873200181159568,0,0.0,0.0,0.9998455300088746,353564.7205119987,267164.088398634,0,2851200.0,0.054686287694807295,9.342000000000001e-05,86400.0,114497.8,2764800.0,0.061805151815624626,1.0,0.9998361672615464,2367567.848955264,16447227.90312865,0.0,0.0,0.9947561156098226,1.0,0.0,6.670091223359999e-05,0.9947561156098226,20064.3394885604,0.0,84546.57959455438,104610.91908311477
2025-10-27 00:00:00+00:00,19996.61698554898,2.333355648742893,0.05042650008670411,4.297598210140201,0,0.0,0.0,0.9998455300088746,353564.7205119987,267181.8075003246,0,2764800.0,0.058182292874667266,0.00027304,86400.0,114064.1,2678400.0,0.06136546999168435,1.0,0.9998372986501242,2347467.0480507533,16458613.79788527,0.0,0.0,0.9949545683997835,1.0,0.0,6.63207178464e-05,0.9949545683997835,20177.589753213007,0.0,84599.0263980811,104776.6161512941
2025-10-28 00:00:00+00:00,20003.903404662997,2.333355648742893,0.05042650008670411,11.584017324159802,0,0.0,0.0,0.9998455300088746,353564.7205119987,267199.4273553702,0,2678400.0,0.05295311821006068,0.00016857,86400.0,112833.5,2592000.0,0.06152288815033646,1.0,0.9998367799533412,2352986.3947267574,16442960.05384922,0.0,0.0,0.9951047963157034,1.0,0.0,6.594488691839999e-05,0.9951047963157034,20060.40067103519,0.0,84634.52183414088,104694.92250517607
2025-10-29 00:00:00+00:00,19989.710300155322,2.333355648742893,0.05042650008670411,-2.6090871835129317,0,0.0,0.0,0.9998455300088746,353564.7205119987,267216.9491099482,0,2592000.0,0.04570705734108824,8.559e-05,86400.0,109985.6,2505600.0,0.062283566711418326,1.0,0.999834821801573,2361169.6929838494,16239261.947647866,0.0,0.0,0.9952109397039747,1.0,0.0,6.55734193632e-05,0.9952109397039747,19890.16153456288,0.0,84654.5286369712,104544.69017153408
2025-10-30 00:00:00+00:00,19974.019440153992,2.468369985365805,0.050524376413195536,-17.719266891205983,0,0.0,0.0,0.9998455300088746,353564.7205119987,267234.37391065084,0,2505600.0,0.05221590255041476,8.108e-05,86400.0,108263.5,2419200.0,0.06155629610881941,1.0,0.9998366939244664,2308104.6774627827,16118011.428293262,0.0,0.0,0.9954279932144717,1.0,0.0,6.52063151808e-05,0.9954279932144717,20009.934464588965,0.0,84713.84630004357,104723.78076463254
2025-10-31 00:00:00+00:00,19990.506708903256,2.468369985365805,0.050524376413195536,-1.231998141943098,0,0.0,0.0,0.9998455300088746,353564.7205119987,267251.7029044809,0,2419200.0,0.06715695377065414,0.00020213000000000002,86400.0,109557.3,2332800.0,0.062377650673288265,1.0,0.9998345797067405,2340522.079412482,16065623.869430957,0.0,0.0,0.9955339600890422,1.0,0.0,6.484357437119999e-05,0.9955339600890422,20335.55215221416,0.0,84733.98345460452,105069.53560681868
2025-11-01 00:00:00+00:00,20033.06066685166,2.468369985365805,0.050524376413195536,41.32195980645956,0,0.0,0.0,0.9998455300088746,353564.7205119987,267268.93723884755,0,2332800.0,0.06619309273753655,0.00029782,86400.0,110047.2,2246400.0,0.05858678156920405,1.0,0.9998443513487529,2182693.063556406,16221861.904594647,0.0,0.0,0.9959525838201843,1.0,0.0,6.44851969344e-05,0.9959525838201843,20347.903325798197,0.0,84864.75970273884,105212.66302853703
2025-11-02 00:00:00+00:00,20054.522028407107,2.468369985365805,0.050524376413195536,62.78332136190797,0,0.0,0.0,0.9998455300088746,353564.7205119987,267286.07806160813,0,2246400.0,0.06470571022907165,0.00021985,86400.0,110494.9,2160000.0,0.06150858417877858,1.0,0.9998368167883457,2127897.4321705657,14874615.437924748,0.0,0.0,0.9959199155036237,1.0,0.0,6.41311830432e-05,0.9959199155036237,20330.04007689092,0.0,84836.06851576391,105166.10859265483
2025-11-03 00:00:00+00:00,20065.47222896936,2.468369985365805,0.050524376413195536,73.73352192416066,0,0.0,0.0,0.9998455300088746,353564.7205119987,267303.0919832942,0,2160000.0,0.0681173774276102,0.0001828,86400.0,106544.0,2073600.0,0.063205354004229,1.0,0.9998324508043299,2195274.6717491243,14810262.662316682,0.0,0.0,0.9959781959445161,1.0,0.0,6.3652324608e-05,0.9959781959445161,20382.37521136561,0.0,84839.66050187335,105222.03571323896
2025-11-04 00:00:00+00:00,20085.026818752507,2.6349849466196553,0.05134020669738314,93.84383130633537,0,0.0,0.0,0.9998455300088746,353564.7205119987,267320.013330048,0,2073600.0,0.06342658220343993,0.00022147,86400.0,101450.3,1987200.0,0.06326435002124908,1.0,0.999832299126504,1814581.3775764839,12226850.390924282,0.0,0.0,0.9961419647492836,1.0,0.0,6.33019657824e-05,0.9961419647492836,20297.471535117947,0.0,84880.64202680573,105178.11356192367
2025-11-05 00:00:00+00:00,20080.756377995876,2.6349849466196553,0.05134020669738314,89.57339054970365,0,0.0,0.0,0.9998455300088746,353564.7205119987,267336.842861789,0,1987200.0,0.05891700028027868,0.00012779,86400.0,103837.0,1900800.0,0.06492304814283134,1.0,0.999828038090364,1860427.8827322333,12108645.460053058,0.0,0.0,0.9962157921793028,1.0,0.0,6.29545157856e-05,0.9962157921793028,20211.388715496036,0.0,84889.91526972555,105101.30398522159
2025-11-06 00:00:00+00:00,20086.242549091232,2.6349849466196553,0.05134020669738314,95.05956164505747,0,0.0,0.0,0.9998455300088746,353564.7205119987,267353.5813387734,0,1900800.0,0.06342886156016683,0.00016395,86400.0,101305.6,1814400.0,0.06410705910324799,1.0,0.9998301334555185,1825765.6388585195,12087396.952626863,0.0,0.0,0.9964314342684737,1.0,0.0,6.260997479039999e-05,0.9964314342684737,20280.74245087399,0.0,84949.42022772948,105230.16267860348
2025-11-07 00:00:00+00:00,20095.016393175825,2.6349849466196553,0.05134020669738314,103.8334057296506,0,0.0,0.0,0.9998455300088746,353564.7205119987,267370.22952152306,0,1814400.0,0.06592897784532027,0.00017563,86400.0,103305.2,1728000.0,0.06661309745554789,1.0,0.9998237033554538,1881531.3181443727,11822053.476658896,0.0,0.0,0.9964726304259739,1.0,0.0,6.22683427104e-05,0.9964726304259739,20323.49495858542,0.0,84947.33755289257,105270.83251147799
2025-11-08 00:00:00+00:00,20095.61791495521,2.6349849466196553,0.05134020669738314,104.43492750903889,0,0.0,0.0,0.9998455300088746,353564.7205119987,267386.7881708453,0,1728000.0,0.05679893154449405,0.00014563,86400.0,102269.3,1641600.0,0.06887872804185458,1.0,0.9998179031293325,1959183.0282530733,11743107.907440795,0.0,0.0,0.9965386251168646,1.0,0.0,6.19296195456e-05,0.9965386251168646,20176.221017126874,0.0,84954.11229801038,105130.33331513725
2025-11-09 00:00:00+00:00,20087.771849194756,2.6349849466196553,0.05134020669738314,96.58886174858235,0,0.0,0.0,0.9998455300088746,353564.7205119987,267403.2580478537,0,1641600.0,0.06444429734043645,0.00011495,86400.0,104670.6,1555200.0,0.06968758226498428,1.0,0.999815835372691,1979067.385340666,11664671.073757946,0.0,0.0,0.9966833225591942,1.0,0.0,6.15938053824e-05,0.9966833225591942,20275.907230151613,0.0,84988.80233175802,105264.70956190964
2025-11-10 00:00:00+00:00,20106.938089770687,2.6349849466196553,0.05134020669738314,115.75510232451349,0,0.0,0.0,0.9998455300088746,353564.7205119987,267419.63991389633,0,1555200.0,0.06084205586387686,0.00021204,86400.0,105966.3,1468800.0,0.06963819496925505,1.0,0.999815961581529,1976394.2976466266,11660869.373679595,0.0,0.0,0.9968694371812774,1.0,0.0,6.126090004799999e-05,0.9968694371812774,20237.776024944305,0.0,85038.22403005545,105276.00005499976
2025-11-11 00:00:00+00:00,20083.93865629599,2.6349849466196553,0.05134020669738314,92.75566884981897,0,0.0,0.0,0.9998455300088746,353564.7205119987,267435.9345306222,0,1468800.0,0.05495734405054558,5.8660000000000004e-05,86400.0,103005.8,1382400.0,0.06901461420728117,1.0,0.9998175556400213,1953396.262633655,11675423.128549613,0.0,0.0,0.9970788042094381,1.0,0.0,6.09309036288e-05,0.9970788042094381,20129.664410271875,0.0,85095.95420812565,105225.61861839752
2025-11-12 00:00:00+00:00,20069.468445012266,2.6349849466196553,0.05134020669738314,78.28545756609242,0,0.0,0.0,0.9998455300088746,353564.7205119987,267452.14265997906,0,1382400.0,0.055464434557613886,8.935e-05,86400.0,101605.8,1296000.0,0.06760293540795947,1.0,0.9998211677595605,1910368.1006840195,11758386.121873423,0.0,0.0,0.9973152861396476,1.0,0.0,6.0603816211199996e-05,0.9973152861396476,20117.870790583907,0.0,85163.35774632945,105281.22853691336
2025-11-13 00:00:00+00:00,20078.756738446013,2.6349849466196553,0.05134020669738314,87.57375099983953,0,0.0,0.0,0.9998549423879551,353564.7205119987,267468.26506416453,0,1296000.0,0.05981109395109912,0.00017877000000000002,86400.0,99654.3,1209600.0,0.05449334661848426,1.0,0.9998549423879551,1483688.1252435313,12013278.481702924,0.0,0.0,0.9979668757407147,1.0,0.0,6.02796377088e-05,0.9979668757407147,20170.16837354899,0.0,85377.61443733383,105547.78281088283
2025-11-14 00:00:00+00:00,20109.378807151636,2.8291774861007495,0.05217879221056303,118.54792764952411,0,0.0,0.0,0.9998549423879551,353564.7205119987,267484.3025056467,0,1209600.0,0.0635575002164772,0.00026773,86400.0,94544.9,1123200.0,0.056357981163855486,1.0,0.9998501128726246,1536204.7907001888,11960358.62732392,0.0,0.0,0.9980491584466243,1.0,0.0,5.99583681216e-05,0.9980491584466243,20226.1206176757,0.0,85390.66925776954,105616.78987544523
2025-11-15 00:00:00+00:00,20136.037277181968,2.8291774861007495,0.05217879221056303,145.20639767985747,0,0.0,0.0,0.9998549423879551,353564.7205119987,267500.2557471618,0,1123200.0,0.06651720398292824,0.00024430000000000003,86400.0,95560.3,1036800.0,0.06453054617965814,1.0,0.9998290457888255,1781142.0542837782,11687742.902063433,0.0,0.0,0.9979462028834591,1.0,0.0,5.9640007449600004e-05,0.9979462028834591,20274.10406919345,0.0,85338.31456133875,105612.4186305322
2025-11-16 00:00:00+00:00,20163.32195495753,2.8291774861007495,0.05217879221056303,172.49107545541926,0,0.0,0.0,0.9998549423879551,353564.7205119987,267516.12555173476,0,1036800.0,0.06955991204998704,0.00024805,86400.0,94221.7,950400.0,0.0639336476423018,1.0,0.9998305789636059,1758436.1063583803,11683235.659102974,0.0,0.0,0.998134062741571,1.0,0.0,5.932455577920001e-05,0.998134062741571,20315.649086749425,0.0,85388.86537499458,105704.51446174401
2025-11-17 00:00:00+00:00,20195.152082605364,2.8291774861007495,0.05217879221056303,204.3212031032524,0,0.0,0.0,0.9998549423879551,353564.7205119987,267531.9126826074,0,950400.0,0.06587430965553702,0.00026776,86400.0,92169.7,864000.0,0.06591886383481826,1.0,0.9998254831313917,1822348.9010321738,11617410.143931998,0.0,0.0,0.9982525638865711,1.0,0.0,5.9012012937599997e-05,0.9982525638865711,20302.78042049229,0.0,85414.97606833425,105717.75648882653
2025-11-18 00:00:00+00:00,20219.219830243248,2.8291774861007495,0.05217879221056303,228.38895074113816,0,0.0,0.0,0.9998549423879551,353564.7205119987,267547.61790332885,0,864000.0,0.06124519342333682,0.00023725,86400.0,92916.9,777600.0,0.06530608494117796,1.0,0.9998270550514978,1792964.3719819265,11576666.540824864,0.0,0.0,0.9984413270789478,1.0,0.0,5.8702379097600006e-05,0.9984413270789478,20284.5173934953,0.0,85466.01085296844,105750.52824646374
2025-11-19 00:00:00+00:00,20224.186646139296,2.8291774861007495,0.05217879221056303,233.3557666371868,0,0.0,0.0,0.9998549423879551,353564.7205119987,267563.24197768327,0,777600.0,0.0599259513155125,0.00016488,86400.0,91508.9,691200.0,0.06510874601856331,1.0,0.999827561464653,1786594.500856442,11583027.887404146,0.0,0.0,0.9986184477626671,1.0,0.0,5.83956541728e-05,0.9986184477626671,20273.642265883056,0.0,85513.01040365006,105786.65266953311
2025-11-20 00:00:00+00:00,20245.22697600862,3.089777932544754,0.053199400554673475,254.64342075245605,0,0.0,0.0,0.9998549423879551,353564.7205119987,267578.785669688,0,691200.0,0.0642795126138992,0.00023258,86400.0,86601.3,604800.0,0.06542716375791935,1.0,0.9998267443843645,1793931.8448934818,11553782.7799886,0.0,0.0,0.9987853118102042,1.0,0.0,5.80918380768e-05,0.9987853118102042,20310.208958033643,0.0,85556.46395197633,105866.67291000998
2025-11-21 00:00:00+00:00,20236.258377597085,3.089777932544754,0.053199400554673475,245.67482234092174,0,0.0,0.0,0.9998549423879551,353564.7205119987,267594.24974368344,0,604800.0,0.05791685973341297,0.00011438,86400.0,85093.5,518400.0,0.06522638078980769,1.0,0.9998271393791073,1787447.9898416442,11560259.799038675,0.0,0.0,0.9989618432465575,1.0,0.0,5.7790931068799994e-05,0.9989618432465575,20260.045230150317,0.0,85603.41516593669,105863.460396087
2025-11-22 00:00:00+00:00,20231.8514358632,3.089777932544754,0.053199400554673475,241.2678806070336,0,0.0,0.0,0.9998549423879551,353564.7205119987,267609.6349641921,0,518400.0,0.06422605548210092,0.00013165,86400.0,84689.4,432000.0,0.06522464192570654,1.0,0.9998271438444267,1785848.3700263624,11550343.35863469,0.0,0.0,0.9991348168389648,1.0,0.0,5.7492932889600006e-05,0.9991348168389648,20279.282022134998,0.0,85649.18730528344,105928.46932741844
2025-11-23 00:00:00+00:00,20200.263172223844,3.089777932544754,0.053199400554673475,209.67961696768043,0,0.0,0.0,0.9998549423879551,353564.7205119987,267624.94209600874,0,432000.0,0.05026793808412612,3.0720000000000004e-05,86400.0,86807.7,345600.0,0.06576185481504271,1.0,0.9998257646551105,1801807.8812488317,11524107.00892811,0.0,0.0,0.9993022720180581,1.0,0.0,5.71978436256e-05,0.9993022720180581,20189.492396194375,0.0,85693.08641706128,105882.57881325565
2025-11-24 00:00:00+00:00,20173.146331895114,3.089777932544754,0.053199400554673475,182.5627766389493,0,0.0,0.0,0.9998549423879551,353564.7205119987,267640.1719041983,0,345600.0,0.035929853417519975,4.904e-05,86400.0,88247.1,259200.0,0.06050199129133915,1.0,0.9998392984314612,1618533.1874218078,11551112.620094204,0.0,0.0,0.9995173025136449,1.0,0.0,5.69056633632e-05,0.9995173025136449,20121.543232692147,0.0,85753.8838059454,105875.42703863754
2025-11-25 00:00:00+00:00,20116.048293150492,3.089777932544754,0.053199400554673475,125.46473789432709,0,0.0,0.0,0.9998549423879551,353564.7205119987,267655.32515404717,0,259200.0,0.04393648441867015,-6.313e-05,86400.0,87324.1,172800.0,0.06476920186313828,1.0,0.999828194262155,1745819.5178825483,11399150.457781393,0.0,0.0,0.9996561793181814,1.0,0.0,5.6616392016e-05,0.9996561793181814,20095.506539918646,0.0,85787.83249467809,105883.33903459673
2025-11-26 00:00:00+00:00,20099.72335808309,3.089777932544754,0.053199400554673475,109.13980282692394,0,0.0,0.0,0.9998549423879551,353564.7205119987,267670.4026110842,0,172800.0,0.026833920300604733,9.007e-05,86400.0,90438.1,86400.0,0.34424570493191586,1.0,0.9991903892762831,12619752.390888255,525823.2594973414,0.0,0.0,0.9991898268838767,1.0,0.0,5.6330029583999995e-05,0.9991898268838767,20059.354030595543,0.0,85607.869269546,105667.22330014154
2025-11-27 00:00:00+00:00,20044.296832388303,0.0,0.0,79.75869274009375,0,0.0,85879.23959453986,1.000000562848411,0.0,0.0,0,86400.0,0.019996815279697856,4.433e-05,86400.0,91292.2,0.0,0.34424570493191586,1.0,1.000000562848411,12619752.390888255,525823.2594973414,0.0,0.0,1.0,1.0,0.0,5.6330029583999995e-05,1.0,20044.296832388303,85879.23959453986,0.0,105923.53642692816
